region,group,manufacturer,brand,line,subline,subsubline,product_name,form,texture,life_stage,full_title_as_listed,confidence,source_url,notes
US,boutique,,Stella & Chewy's,Freeze-Dried Raw Dinner Morsels,,,"Chick, Chick Chicken",freeze-dried,,all,"Chick, Chick Chicken Freeze-Dried Raw Dinner Morsels for Cats",official,https://stellaandchewys.com/cats,Flavor has a pun name; protein appears only in the pun. Line name is form + 'Dinner Morsels'.
US,boutique,,Stella & Chewy's,Freeze-Dried Raw Dinner Morsels,,,Sea-Licious Salmon & Cod,freeze-dried,,all,Sea-Licious Salmon & Cod Freeze-Dried Raw Dinner Morsels,official,https://stellaandchewys.com/cats,Title omits 'for Cats' here; species not always in title.
US,boutique,,Stella & Chewy's,Freeze-Dried Raw Dinner Morsels,,,Chicken Recipe,freeze-dried,,all,"Stella & Chewy's Dinner Morsels Freeze Dried Cat Food - Grain Free, Chicken Recipe",retailer,https://www.petsmart.com/cat/food-and-treats/freeze-dried-food/stella-and-chewys-dinner-morsels-freeze-dried-cat-food---grain-free-chicken-recipe-97110.html,"Likely same product as 'Chick, Chick Chicken' (inferred): retailer title drops the pun name and 'Freeze-Dried Raw'. PetSmart has 3 URLs for sizes (1/3.5/18 oz)."
US,boutique,,Stella & Chewy's,Stella's Solutions,,,Skin & Coat Support,other,,,Stella's Solutions Skin & Coat Support for Cats,official,https://stellaandchewys.com/cats,Line is a health-benefit grouping; form not stated on listing.
US,boutique,,Stella & Chewy's,Marie's Magical Dinner Dust,,,Cage-Free Chicken,other,powder,all,Marie's Magical Dinner Dust Cage-Free Chicken for Cats,official,https://stellaandchewys.com/cats,Topper/powder; named-character line crossing forms.
US,boutique,,Stella & Chewy's,Meowfulls,,,Turkey & Duck,treat,,,Meowfulls Turkey & Duck Cat Treats,official,https://stellaandchewys.com/cats,Treat line.
US,boutique,,Stella & Chewy's,Carnivore Cravings,,,Chicken & Salmon Recipe,wet,in broth,,Carnivore Cravings Chicken & Salmon Recipe for Cats,official,https://stellaandchewys.com/cats,Wet line.
US,boutique,,Stella & Chewy's,Carnivore Cravings,Purrfect Pate,,Variety Pack,wet,pate,,"Stella & Chewy's Carnivore Cravings Purrfect Pate Variety Pack Cat Food, 2.8-oz can, case of 12",retailer,https://www.chewy.com/stella-chewys-carnivore-cravings/dp/826078,'Purrfect Pate' may be a sub-line (texture as sub-line); variety pack mixes flavors.
US,boutique,,Stella & Chewy's,Raw Coated Kibble,,,Cage-Free Chicken Recipe,dry,,adult,Raw Coated Kibble Cage-Free Chicken Recipe for Cats,official,https://stellaandchewys.com/cats,Dry line named by process. Adult stage inferred.
US,boutique,,Stella & Chewy's,Raw Coated Kibble,,,Kitten Cage-Free Chicken Recipe,dry,,kitten,Raw Coated Kibble Kitten Cage-Free Chicken Recipe,official,https://stellaandchewys.com/cats,"Life stage embedded in product name, not a separate level."
US,boutique,,Stella & Chewy's,Raw Blend Kibble,,,Cage Free Recipe,dry,,,Raw Blend Cage Free Recipe for Cats,official,https://stellaandchewys.com/cats,'Raw Blend' vs 'Raw Coated Kibble' vs 'Raw Blend Kibble' on same page; titles inconsistently include 'Kibble'.
US,boutique,ZIWI Limited,ZIWI Peak,Original,Air-Dried,,Beef Recipe,dry,air-dried,,Original Air-Dried Beef Recipe for cats,official,https://ziwipets.com/collections/cat-food,Page groups by process (Air-Dried / Steam & Dried / Canned Wet); 'Original' is a line prefix in title.
US,boutique,ZIWI Limited,ZIWI Peak,Original,Air-Dried,,Mackerel & Lamb Recipe,dry,air-dried,,Original Air-Dried Mackerel & Lamb Recipe for cats,official,https://ziwipets.com/collections/cat-food,
US,boutique,ZIWI Limited,ZIWI Peak,Original,Canned Wet,,Chicken with Mackerel Recipe,wet,,,Original Canned Wet Chicken with Mackerel Recipe for cats,official,https://ziwipets.com/collections/cat-food,'Canned Wet' is form inside title; 'with' marks secondary protein.
US,boutique,ZIWI Limited,ZIWI Peak,Original,Canned Wet,,Mackerel Recipe,wet,,,Original Wet Mackerel Recipe for cats,official,https://ziwipets.com/collections/cat-food,Title drops 'Canned': inconsistent form wording within a line.
US,boutique,ZIWI Limited,ZIWI Peak,,Steam & Dried,,Cage-free Chicken with Whole Mackerel Recipe,dry,steam & dried,,Steam & Dried Cage-free Chicken with Whole Mackerel Recipe for cats,official,https://ziwipets.com/collections/cat-food,"No 'Original' prefix, so 'Original' is not universal across processes."
US,boutique,,Primal,Kibble in the Raw,,,Chicken & Fish Recipe,dry,,,Kibble in the Raw Cat Food - Chicken & Fish Recipe,official,https://www.primalpetfoods.com/cat/,
US,boutique,,Primal,Freeze-Dried Raw Nuggets,,,Chicken & Salmon Recipe,freeze-dried,nuggets,,Freeze-Dried Raw Nuggets Cat Food - Chicken & Salmon Recipe,official,https://www.primalpetfoods.com/cat/,Shape (nuggets) is part of line name.
US,boutique,,Primal,Primal Raw Frozen Feline,Nuggets,,Chicken & Salmon Formula,other,frozen; nuggets,,Primal Raw Frozen Feline Nuggets Chicken & Salmon Formula Cat Food,retailer,https://www.petfood.express/products/primal-raw-frozen-feline-chicken-salmon-formula-cat-food.html,Same flavor as frozen and freeze-dried nuggets with near-identical names; form is the only differentiator. Retailer 'Formula' vs official 'Recipe'.
US,boutique,,Primal,Freeze-Dried Raw Cat Treats,,,The G.O.A.T.,treat,freeze-dried,,Freeze-Dried Raw Cat Treats - The G.O.A.T.,official,https://www.primalpetfoods.com/cat/,Product name is a nickname only.
US,boutique,,Primal,Primal Nuggets Raw Freeze-Dried Feline,,,Chicken & Salmon Formula,freeze-dried,nuggets,,"Primal Chicken & Salmon Formula Nuggets Grain-Free Raw Freeze-Dried Cat Food, 5.5-oz bag",retailer,https://www.chewy.com/primal-chicken-salmon-formula/dp/45724,Species wording ('Feline' vs 'Cat Food') varies by retailer.
US,boutique,"Smalls, Inc.",Smalls,,,,Smooth Bird Chicken,other,pate-like; frozen,adult,Smalls Smooth Bird Chicken Cat Food,retailer,https://healthyspot.com/products/smalls-fresh-smooth-bird-5-oz,Brand-as-line: no line level. Texture word in product name ('Smooth'); protein 'Bird'/'Chicken'. Fresh frozen packets.
US,boutique,"Smalls, Inc.",Smalls,,,,Ground Chicken,other,ground; frozen,adult,Smalls - Gently Cooked Ground Chicken,retailer,https://www.rawfeedingmiami.com/products/smalls-gently-cooked-ground-chicken,Texture (Smooth/Ground) is a main name element; 'Bird' vs 'Chicken' alias differs by source.
US,boutique,"Smalls, Inc.",Smalls,,,,Freeze-Dried Puffs,freeze-dried,,,Freeze-Dried Puffs,official,https://www.smalls.com/,No flavor in name on home page.
US,boutique,"Smalls, Inc.",Smalls,,,,Assorted Licks Trio,treat,,,Assorted Licks Trio,official,https://www.smalls.com/,Variety bundle of toppers/broths with no flavor in name.
US,boutique,,Applaws,Applaws Cat,Selection in Broth,,Chicken Selection,wet,in broth,,"Applaws Chicken Selection in Broth Variety Pack Wet Cat Food, 5.5-oz can, case of 12",retailer,https://www.chewy.com/applaws-chicken-selection-in-broth/dp/567846,"Variety pack of 3 recipes (chicken; chicken with cheese; chicken with duck). Complementary, not complete, food."
US,boutique,,Applaws,Applaws,Selection in Broth,,Fish Selection,wet,in broth,,"Applaws Fish Selection in Broth Cat Food Toppers - Grain Free, Variety Pack, 12 Ct",retailer,https://www.petsmart.com/cat/food-and-treats/food-toppers/applaws-fish-selection-in-broth-cat-food-toppers---grain-free-variety-pack-12-ct-77568.html,Categorized as wet (Chewy) vs food topper (PetSmart).
US,boutique,,Applaws,Applaws Natural Cat Food,,,Flakes in Gravy,wet,flakes; gravy,,"Applaws® Natural Cat Food Flakes in Gravy Cat Food Toppers - Grain Free, Limited Ingredients",retailer,https://www.petsmart.com/cat/food-and-treats/wet-food/applaws-natural-cat-food-flakes-in-gravy-cat-food-toppers---grain-free-limited-ingredients-5298721.html,Texture is the product name.
US,boutique,,Applaws,Applaws Cat,Adult,,Variety Pack,other,,adult,"Applaws Cat - Adult, Food Topper, Variety Pack, 6 CT, 18 OZ",retailer,https://www.petsmart.com/cat/food-and-treats/food-toppers/applaws-cat---adult-food-topper-variety-pack-6-ct-18-oz-90060.html,Comma-delimited attribute-style title; life stage sits where a sub-line would.
US,boutique,CANIDAE Pet Food,Canidae,PURE,Dry,,Grain Free Chicken Recipe,dry,,,PURE Dry Cat Food: Grain Free Chicken Recipe,official,https://canidae.com/pure-dry-cat-food-grain-free-chicken-recipe/,Brand omitted in title; pattern 'LINE Form Species Food: Recipe'.
US,boutique,CANIDAE Pet Food,Canidae,PURE,Dry,,Grain Free Tuna Recipe for Indoor Cats,dry,,,PURE Dry Cat Food: Grain Free Tuna Recipe for Indoor Cats,official,https://canidae.com/cat-food/,Lifestyle (indoor) in name.
US,boutique,CANIDAE Pet Food,Canidae,PURE,Wet,,"Tuna, Chicken and Whitefish in Broth",wet,in broth,,"PURE Wet Cat Food: Tuna, Chicken and Whitefish in Broth - Case of 24",official,https://canidae.com/pure-wet-cat-food-tuna-chicken-and-whitefish-in-broth-case-of-24,Pack size ('Case of 24') is in title.
US,boutique,CANIDAE Pet Food,Canidae,Goodness,for Indoor Cats,,Real Whitefish,dry,,,Goodness for Indoor Cats: Dry Cat Food with Real Whitefish,official,https://canidae.com/cat-food/,"Sub-line is a benefit ('for Digestion', 'for Joints', 'For Skin & Coat'); capitalization inconsistent."
US,boutique,CANIDAE Pet Food,Canidae,Goodness,for Joints,,Real Salmon,dry,,,Goodness for Joints: Dry Cat Food with Real Salmon,official,https://canidae.com/cat-food/,'Real Salmon' also appears under 'For Skin & Coat': same protein name under two benefit sub-lines.
US,boutique,CANIDAE Pet Food,Canidae,Balanced Bowl,,,Tuna & Carrots Recipe,wet,,,Balanced Bowl Wet Cat Food: Tuna & Carrots Recipe,official,https://canidae.com/cat-food/,Title format inconsistent: 'Balanced Bowl Chicken & Pumpkin Recipe Cat Wet Food' vs 'Balanced Bowl Wet Cat Food: ...'.
US,boutique,Wysong Corporation,Wysong,Epigen,,,Epigen 90,dry,starch-free,,Epigen 90,retailer,https://cats.com/wysong-cat-food,"'Epigen' is a line and a product (dry), plus a wet family with flavors."
US,boutique,Wysong Corporation,Wysong,Epigen,Canned,,Duck,wet,,,Epigen Duck,retailer,https://cats.com/wysong-cat-food,"Flavor list from review page (Beef, Chicken, Duck, Rabbit, Salmon, Turkey); exact title unverified."
US,boutique,Wysong Corporation,Wysong,Uretic,,,with Organic Chicken,wet,pate,all,"Wysong Uretic with Organic Chicken Canned Cat Food, 5.5-oz, case of 24",retailer,https://www.chewy.com/dp/119050,'Uretic' is a function line and also a dry product named 'Uretic'.
US,boutique,Wysong Corporation,Wysong,Archetype,,,Rabbit,freeze-dried,,,Wysong Archetype Rabbit,retailer,https://www.1800petmeds.com/wysong+archetype+rabbit™-prod63586.html,Form inferred; Archetype also has 'Archetype Burgers' (form in name).
US,boutique,Wysong Corporation,Wysong,Optimize,,,Wild Caught Salmon,dry,,,Optimize Wild Caught Salmon,retailer,https://cats.com/wysong-cat-food,"Review groups lines Original / Optimize / Optimal / Epigen Starch-Free; 'Original' lists items like Vitality, Uretic, Geriatrx (function/life-stage names)."
US,boutique,Wysong Corporation,Wysong,Dream Treats,,,Dream Treats,treat,,,Dream Treats,retailer,https://cats.com/wysong-cat-food,Line equals product.
US,boutique,Hartz Mountain Corporation,Delectables,Lickable™ treat,Non-Seafood Flavors,Bisque,with Chicken,treat,bisque,,Delectables® Lickable™ treat – Bisque with Chicken Non-Seafood Recipe,official,https://www.delectablescattreats.com/products/lickable-treats/lt-non-seafood-flavors/,Breadcrumb: Home > Products > Lickable™ treat > Non-Seafood Flavors. Texture is in product title. hartz.com product URLs redirect to delectablescattreats.com.
US,boutique,Hartz Mountain Corporation,Delectables,Lickable™ treat,Non-Seafood Flavors,Stew,Chicken & Beef,treat,stew,,"Hartz Delectables Lickable Treat Bisque Non-Seafood Recipe Chicken & Beef Lickable Cat Treats, 1.4-oz, case of 12",retailer,https://www.chewy.com/hartz-delectables-lickable-treat/dp/275071,Chewy title says Bisque while the hartz.com URL slug for this flavor says stew: texture unreliable in titles. Retailer prefixes 'Hartz'.
US,boutique,Hartz Mountain Corporation,Delectables,Lickable™ treat,Non-Seafood Flavors,Gravy,Chicken & Turkey,treat,gravy,,Delectables® Lickable™ treat - Gravy - Chicken & Turkey - Non-Seafood Recipe,official,https://www.delectablescattreats.com/products/lickable-treats/lt-non-seafood-flavors/,
US,boutique,Hartz Mountain Corporation,Delectables,Lickable™ treat,Non-Seafood Flavors,Savory Broths,Chicken,treat,savory broths,,Delectables® Lickable™ treat - Savory Broths - Chicken - Non-Seafood Recipe,official,https://www.delectablescattreats.com/products/lickable-treats/lt-non-seafood-flavors/,
US,boutique,Hartz Mountain Corporation,Delectables,Lickable™ treat,Non-Seafood Flavors,,Gravy Variety Pack – 30 Pack,treat,gravy,,Delectables® Lickable™ Treat - Gravy Variety Pack – 30 Pack,official,https://www.delectablescattreats.com/products/lickable-treats/lt-non-seafood-flavors/,Variety pack sits in the same category as single flavors.
US,boutique,Hartz Mountain Corporation,Delectables,Lickable™ treat,Non-Seafood Flavors,Stew,Stew Non-Seafood Recipe 12 Pack Variety,treat,stew,,Delectables® Lickable™ treat – Stew Non-Seafood Recipe 12 Pack Variety,official,https://www.delectablescattreats.com/products/lickable-treats/lt-non-seafood-flavors/,Mixed-flavor pack.
US,boutique,Hartz Mountain Corporation,Delectables,Squeeze Up®,,,Squeeze Up,treat,thick and creamy puree,,Delectables Squeeze Up,official,https://www.delectablescattreats.com/products/,Squeeze Up is a format line; flavors Salmon/Tuna/Shrimp/Catnip/Chicken/Veggies; life stages are filters. Individual titles not captured.
US,boutique,Hartz Mountain Corporation,Delectables,Lickable Spoon™,,,Lickable Spoon,treat,,adult,Lickable Spoon™,official,https://www.delectablescattreats.com/products/,Third line; flavors Salmon/Chicken/Tuna; adult. Individual titles not captured.
US,boutique,Inaba Foods (inferred),Inaba,Churu,Puree,,Tuna Variety,treat,creamy puree,,"Inaba Churu Tuna Variety Creamy Puree Grain-Free Lickable Cat Treats, 0.5-oz tube, 100 count bundle",retailer,https://www.chewy.com/inaba-churu-tuna-puree-variety-pack/dp/666662,Brand on listing is 'Inaba'; Churu is the line. Same page has variants Tuna/Chicken/Chicken & Seafood/Seafood Variety and counts 40/50/100/150: variety pack is a variant on one page.
US,boutique,Inaba Foods (inferred),Inaba,Churu,Puree,,Tuna & Chicken Variety,treat,puree,,"INABA Churu Creamy, Lickable Purée Cat Treat w Taurine, 0.5 oz, 20 Tubes, Tuna & Chicken Variety",retailer,https://walmart.com/ip/seort/986181751,Mixed-protein variety pack; title shape differs per retailer.
US,boutique,Inaba Foods (inferred),Inaba,Churu,Bites,Chicken Wraps,Chicken Recipe,treat,soft-baked outside; creamy filling,,"INABA Churu Bites Chicken Wraps Chicken Recipe Grain-Free Cat Treats, 0.35-oz tube, 3 count",retailer,https://www.chewy.com/inaba-churu-bites-chicken-wraps/dp/262447,"Breadcrumb Cat Supplies > Treats > Soft Cat Treats. Flavors on page: Chicken, Tuna, Tuna with Salmon, Tuna with Scallop. A Hannaford listing misspells 'Chura'."
US,boutique,Inaba Foods (inferred),Inaba,Churu,Bites,Wraps,Chicken with Cheese Recipe (dog),treat,,,"Inaba Churu Bites Wraps Chicken with Cheese Recipe Grain-Free Soft & Chewy Dog Treats, 0.42-oz, pack of 8",retailer,https://www.chewy.com/inaba-churu-bites-wraps/dp/291453,Dog SKU under the same line name: species must not be keyed into line. Not a cat product.
US,boutique,Inaba Foods (inferred),Inaba,Churu,,,Seafood Variety Pack,treat,,,"INABA Churu Puree Seafood Variety Pack Cat Treats, 20-count",retailer,https://shop.premierpetsupply.com/products/premier-pet-supply-novi-mi/inaba-churu-puree-seafood-variety-pack-cat-treats-2,"'Puree' sometimes in title, sometimes not."
US,boutique,,Almo Nature,HQS Complete,,,Chicken Recipe with Green Beans,wet,,,"Almo Nature HQS Complete Chicken Recipe with Green Beans Grain-Free Canned Cat Food, 2.47-oz, case of 12",retailer,https://www.chewy.com/almo-nature-hqs-complete-chicken/dp/159387,"'HQS' is sub-brand; 'Complete' a completeness descriptor. Other sellers drop HQS ('ALMO NATURE Complete Chicken Recipe with Turkey in Gravy', bluebarn.shop)."
US,boutique,,Almo Nature,HQS Complete,,,Chicken with Turkey,wet,in gravy,,"Almo Nature HQS Complete Chicken with Turkey Grain-Free Canned Cat Food, 2.47-oz, case of 12",retailer,https://www.chewy.com/almo-nature-hqs-complete-chicken/dp/177443,Chewy drops 'Recipe'; 'in Gravy' appears in other sellers' titles.
US,boutique,,Almo Nature,HFC,Jelly,,Salmon & Chicken,wet,jelly,,almo nature hfc jelly salmon chicken cat can,retailer,https://wnp.com.hk/products/almo-nature-hfc-jelly-salmon-chicken-cat-can,"Hong Kong retailer, not US; shows 'HFC' abbreviation plus Jelly texture sub-line. US availability unverified."
US,boutique,Farmina Pet Foods,Farmina,N&D,Quinoa,Functional,"Feline Duck, Cranberry & Chamomile Urinary",dry,,adult,"Farmina N&D Quinoa Feline Duck, Cranberry & Chamomile Urinary Dry Cat Food, 8.8-lb bag",retailer,https://www.chewy.com/farmina-nd-quinoa-feline-duck/dp/1709670,"Deepest ladder seen: brand Farmina, sub-brand N&D, range Quinoa, 'Functional' class (from non-US listings), urinary function, recipe. Chewy lists brand as 'Farmina'; 'Functional' not in the Chewy title (inferred)."
US,boutique,Farmina Pet Foods,Farmina,N&D,Quinoa,Functional,Urinary Duck,dry,,,Farmina N&D Quinoa Urinary Duck Dry Cat Food,retailer,https://petzone.com/uae/en/shop/farmina-n-d-quinoa-urinary-duck-dry-cat-food-1-5-kg.html,"Non-US retailer; same SKU with shortened, reordered name. Used only to show alias variation."
US,boutique,,Hound & Gatos,,,,98% Chicken & Liver,wet,,,"Hound & Gatos 98% Chicken & Liver Grain-Free Canned Cat Food, 5.5-oz, case of 24",retailer,https://www.chewy.com/hound-gatos-98-chicken-liver-grain/dp/142346,No line. Name is percentage claim + protein. Another seller: 'Hound + Gatos Chicken & Chicken Liver Recipe' (twobostons.com): '+' vs '&' and different recipe wording.
US,boutique,,Fussie Cat,Premium,,,Tuna Formula in Aspic,wet,aspic,,"Fussie Cat Premium Tuna Formula in Aspic Grain-Free Canned Cat Food, 2.82-oz can, case of 24",retailer,https://www.chewy.com/fussie-cat-premium-tuna-formula-in/dp/132395,Also 5.5-oz can (separate Chewy ID 280396). Official site line 'Premium Tuna in Aspic' makes texture a line name.
US,boutique,,Fussie Cat,Premium,,,Tuna & Mussels Formula in Aspic,wet,aspic,,"Fussie Cat Premium Tuna & Mussels Formula in Aspic Grain-Free Wet Cat Food, 2.82-oz, case of 24",retailer,https://www.chewy.com/fussie-cat-premium-tuna-mussels/dp/35816,
US,boutique,,Fussie Cat,Super Premium,,,Chicken with Egg Formula in Gravy,wet,gravy,,"Fussie Cat Super Premium Chicken with Egg Formula in Gravy Grain-Free Canned Cat Food, 2.82-oz, case of 24",retailer,https://www.chewy.com/fussie-cat-super-premium-chicken-egg/dp/111997,Official line 'Super Premium Gold'; Chewy uses both 'Super Premium' and 'Gold'.
US,boutique,,Fussie Cat,Gold,,,Chicken & Vegetables Formula in Gravy,wet,gravy,,"Fussie Cat Gold Chicken & Vegetables Formula in Gravy Grain-Free Wet Cat Food, 2.82-oz, case of 24",retailer,https://www.chewy.com/fussie-cat-gold-chicken-vegetables/dp/35814,Gold likely = Super Premium Gold (inferred).
US,boutique,,Fussie Cat,Premium Black Label,,,Premium Black Label,wet,,,Premium Black Label,official,https://www.fussiecat.com/,"Line name only from official home page; products not captured. Site organizes by texture (pate, mousse, puree, gravy, aspic, goat milk gravy, flaked)."
US,boutique,Tuft + Paw,Tuft + Paw,Really Great Cat Food,,,Chicken & Rabbit Stew,wet,stew,,Really Great Cat Food - Chicken & Rabbit Stew,official,https://tuftandpaw.com/collections/cat-food,Line is a generic descriptor-like name.
US,boutique,Tuft + Paw,Tuft + Paw,Really Great Cat Food,,,Turkey & Turkey Liver Stew,wet,stew,,Really Great Cat Food - Turkey & Turkey Liver Stew,official,https://tuftandpaw.com/collections/cat-food,
US,boutique,Tuft + Paw,Tuft + Paw,Really Great Cat Food,,,Taste Test 6 Pack,wet,stew,,Taste Test 6 Pack,official,https://tuftandpaw.com/collections/cat-food,Sampler with no line in title; contains the stews (inferred).
US,boutique,"Party Animal, Inc.",Party Animal,Party Animal Organic,,,Cuddly Chicken,wet,,,Party Animal™ Organic Cuddly Chicken Cat Food,official,https://partyanimalpetfood.com/?portfolio=party-animal-organic-cuddly-chicken,"Brand reused as line prefix. Flavors are character puns (Tom Cat Turkey, Purr'n Beef)."
US,boutique,"Party Animal, Inc.",Party Animal,Party Animal Original,,,Socialite Salmon,wet,,,Socialite Salmon,official,https://partyanimalpetfood.com/,Home-page list shows 'Party Animal Original' as line header.
US,boutique,"Party Animal, Inc.",Party Animal,Cocolicious™,,,Wild Caught Salmon & Pork,wet,,,Cocolicious™ Wild Caught Salmon & Pork Cat Food,official,https://partyanimalpetfood.com/?portfolio=cocolicious-wild-caught-salmon-pork-cat-food,"Chewy: 'PARTY ANIMAL Cocolicious Tender Pork & Lamb Grain-Free Canned Cat Food'. 'Cosmic Catch' NOT found on official site (lines listed: Organic, Original, Cocolicious): unverified."
US,boutique,Dave's Pet Food,Dave's Pet Food,Naturally Healthy,,,Grain-Free Shredded Chicken Dinner in Gravy,wet,shredded; gravy,,"Dave's Pet Food Naturally Healthy Grain-Free Shredded Chicken Dinner in Gravy Canned Wet Cat Food, 5.5-oz, case of 24",retailer,https://www.chewy.com/daves-pet-food-naturally-healthy/dp/132855,Texture inside product name. Similar title elsewhere: '... in Gravy with Liver'.
US,boutique,Dave's Pet Food,Dave's Pet Food,Naturally Healthy,,,Grain-Free Fisherman's Stew,wet,stew,,"Dave's Pet Food Naturally Healthy Grain-Free Fisherman's Stew Canned Wet Cat Food, 5.5-oz, case of 24",retailer,https://www.chewy.com/daves-pet-food-naturally-healthy/dp/132857,
US,boutique,Dave's Pet Food,Dave's Pet Food,Restricted Diet,,,Magnesium Chicken Diet,wet,,,"Dave's Pet Food Restricted Magnesium Chicken Diet Wet Canned Cat Food, 5.5-oz can, case of 24",retailer,https://www.chewy.com/daves-pet-food-restricted-magnesium/dp/382036,Function-first naming: restricted nutrient before protein.
US,boutique,Lotus Pet Foods,Lotus,Just Juicy,,,Pollock Stew,wet,stew,,"Lotus Just Juicy Pollock Stew Grain-Free Canned Cat Food, 2.5-oz, case of 24",retailer,https://www.chewy.com/lotus-just-juicy-pollock-stew-grain/dp/109975,Also 5.3-oz can on separate listing (109978).
US,boutique,Lotus Pet Foods,Lotus,Oven-Baked,,,Duck Recipe,dry,oven-baked,,"Lotus Oven-Baked Duck Recipe Grain-Free Dry Cat Food, 2.2-lb bag",retailer,https://www.chewy.com/lotus-oven-baked-duck-recipe-grain/dp/109937,Line is the cooking process; 2.2-lb and 5-lb are separate Chewy IDs.
US,boutique,Lotus Pet Foods,Lotus,Wholesome,,,Chicken Grain-Free Recipe,dry,,,"Lotus Wholesome Chicken Grain-Free Recipe Dry Cat Food, 2.2-lb bag",retailer,https://www.chewy.com/lotus-wholesome-chicken-grain-free/dp/180582,Oven-Baked also has 'Low Fat Chicken' (function as product name).
US,boutique,Lotus Pet Foods,Lotus,Pate,,,Chicken Pate,wet,pate,,Lotus C Chicken Pate 2.75oz,retailer,https://petmarketnyc.com/products/lotus-c-chicken-pate-2-75oz,"Local retailer abbreviation ('C' = cat); Pate as both texture and line. Official site is JavaScript-only, not fetched."
US,boutique,Nutrisca,Nutrisca,,,,Salmon Recipe,dry,,all,"Nutrisca Premium Food for All Cats, Salmon Recipe, 4.0 lb",retailer,https://www.instacart.com/products/192448-nutrisca-nutrisca-premium-food-for-all-cats-salmon-recipe-4-0-lb,Only one Nutrisca cat listing found; life stage 'All Cats' in title; other items unverified.
US,mars_hills,Colgate-Palmolive,Hill's Science Diet,Indoor,,,Chicken,dry,,adult,Hill's® Science Diet® Indoor Adult Dry Cat Food - Chicken,retailer,https://www.petsmart.com/cat/f/brand/hill%27s science diet,Life stage sits between line and form; 'Dry Cat Food' is a form suffix. Flavor after dash.
US,mars_hills,Colgate-Palmolive,Hill's Science Diet,Perfect Weight,,,Chicken,dry,,adult,Hill's® Science Diet® Perfect Weight Adult Dry Cat Food - Chicken,retailer,https://www.petsmart.com/cat/f/brand/hill%27s science diet,"Official page lists 'Adult Perfect Weight Chicken Recipe Cat Food' (word order differs: life stage first, 'Recipe' suffix)."
US,mars_hills,Colgate-Palmolive,Hill's Science Diet,Sensitive Stomach & Skin,,,"Grain Free, Salmon",dry,,adult,"Hill's® Science Diet® Sensitive Stomach & Skin Adult Dry Cat Food - Grain Free, Salmon",retailer,https://www.petsmart.com/cat/f/brand/hill%27s science diet,Dietary claim ('Grain Free') precedes flavor in the variant segment.
US,mars_hills,Colgate-Palmolive,Hill's Science Diet,Indoor,Senior 7+,,Chicken,dry,,senior,Hill's® Science Diet® Indoor Adult Senior 7+ Dry Cat Food - Chicken,retailer,https://www.petsmart.com/cat/f/brand/hill%27s science diet,"Condition line plus life-stage band both in title; 'Adult' and 'Senior 7+' co-occur. Life-stage band is a sub-level of Indoor here, but could be modeled as attribute."
US,mars_hills,Colgate-Palmolive,Hill's Science Diet,Urinary Hairball Control,,,Chicken,dry,,adult,Hill's® Science Diet® Urinary Hairball Control Adult Dry Cat Food - Chicken,retailer,https://www.petsmart.com/cat/f/brand/hill%27s science diet,Line name is a two-benefit compound (Urinary + Hairball Control).
US,mars_hills,Colgate-Palmolive,Hill's Science Diet,Healthy Cuisine,,,Medley,wet,medley,adult,"Hill's® Science Diet® Healthy Cuisine Adult Wet Cat Food - Medley, 2.8 oz",retailer,https://www.petsmart.com/cat/f/brand/hill%27s science diet,Texture word 'Medley' occupies flavor slot; size appended. Also 'Tuna & Carrot Medley' and 'Salmon & Spinach Medley' listed.
US,mars_hills,Colgate-Palmolive,Hill's Science Diet,Senior Vitality,Adult 7+,,Chicken & Vegetable Stew,wet,stew,senior,Hill's Science Diet Adult 7+ Senior Vitality Cat Food - Chicken & Vegetable Stew,retailer,https://www.petsmart.com/cat/f/brand/hill%27s science diet,Marketing sub-brand 'Senior Vitality' combined with life stage; official page shows 'Senior Vitality Adult 7+ Tuna & Vegetables Stew Cat Food' (order varies).
US,mars_hills,Colgate-Palmolive,Hill's Science Diet,Sensitive Stomach & Skin,Kitten,,Stew,wet,stew,kitten,"Hill's Science Diet Kitten Wet Food - Sensitive Stomach and Skin Stew, 2.8 Oz",retailer,https://www.petsmart.com/cat/f/brand/hill%27s science diet,Line name dropped to the back of the title; '&' vs 'and' inconsistency; texture is the product name.
US,mars_hills,Colgate-Palmolive,Hill's Science Diet,Adult,,,Savory Salmon Entrée,wet,entrée,adult,Adult Savory Salmon Entrée Cat Food,official,https://www.hillspet.com/cat-food,"Official site title omits brand/line. No line at all (life stage only). Another listing: 'Adult Wet Cat Food - Entree, 5.5 oz' where Entree is the only variant."
US,mars_hills,Colgate-Palmolive,Hill's Science Diet,Adult,,,Variety Pack,wet,,adult,"Hill's® Science Diet® Adult Wet Cat Food - Variety Pack, 12 CT, 33.6 OZ",retailer,https://www.petsmart.com/cat/f/brand/hill%27s science diet,"Multipack: product_name is a pack type, not a recipe; pack count in title."
US,mars_hills,Colgate-Palmolive,Hill's Science Diet,Multiple Benefit,,,Chicken,dry,,adult,Hill's® Science Diet® Multiple Benefit Adult Dry Cat Food - Chicken,retailer,https://www.petsmart.com/cat/f/brand/hill%27s science diet,Generic line name that is a catch-all.
US,mars_hills,Colgate-Palmolive,Hill's Science Diet,Light,,,Chicken,dry,,adult,Hill's® Science Diet® Light Adult Dry Cat Food - Chicken,retailer,https://www.petsmart.com/cat/f/brand/hill%27s science diet,"Appears to be the older name of what the official site calls 'Perfect Weight' (probable rename; inferred, unverified)."
US,mars_hills,Colgate-Palmolive,Hill's Prescription Diet,c/d,Multicare,,Chicken & Vegetable Stew,wet,stew; chunks in gravy,adult,c/d Multicare Chicken & Vegetable Stew Cat Food,official,https://www.hillspet.com/cat-food/pd-cd-multicare-feline-chicken-and-vegetable-stew-canned,Official title starts with the diet code; brand omitted from title (in breadcrumb/brand context). Official page lists texture 'bite-sized chunks in gravy'.
US,mars_hills,Colgate-Palmolive,Hill's Prescription Diet,c/d,Multicare,Urinary Care,Chicken & Vegetable Stew,wet,stew,adult,Hill's® Prescription Diet® c/d Multicare Urinary Care Wet Cat Food - Chicken & Vegetable Stew,retailer,https://www.petsmart.com/cat/food-and-treats/veterinary-diets/f/brand/hill's prescription diet,Code + sub-product + condition descriptor ('Urinary Care') + form + flavor: deepest Hill's chain (up to 3 levels under brand).
US,mars_hills,Colgate-Palmolive,Hill's Prescription Diet,c/d,Multicare Stress,,"Chicken, Vegetables, & Rice Stew",wet,stew; bite-sized chunks,adult,"c/d Multicare Stress Chicken, Vegetables, & Rice Stew Cat Food",official,https://www.hillspet.com/cat-food/pd-cd-multicare-stress-feline-chicken-vegetables-rice-stew-pouch,Official page; URL slug says pouch. 'Stress' variant. Retailer word order differs: 'c/d Urinary Care Multicare Stress' vs 'c/d Multicare Urinary Care Stress' (inconsistent ordering).
US,mars_hills,Colgate-Palmolive,Hill's Prescription Diet,k/d,Kidney Care,,Chicken & Vegetable Stew,wet,stew,adult,Hill's® Prescription Diet® k/d Kidney Care Wet Cat Food - Chicken & Vegetable Stew,retailer,https://www.petsmart.com/cat/food-and-treats/veterinary-diets/f/brand/hill's prescription diet,Code (k/d) paired with a condition name; 'k/d Kidney Care + j/d' also exists as a dry variant.
US,mars_hills,Colgate-Palmolive,Hill's Prescription Diet,i/d,Digestive Care,,"Chicken, Pate",wet,pate,adult,"Hill's® Prescription Diet® i/d Digestive Care Wet Cat Food - Chicken, Pate",retailer,https://www.petsmart.com/cat/food-and-treats/veterinary-diets/f/brand/hill's prescription diet,Texture appended to flavor after a comma.
US,mars_hills,Colgate-Palmolive,Hill's Prescription Diet,z/d,Skin/Food Sensitivities,,Original,dry,,adult,Hill's® Prescription Diet® z/d Skin/Food Sensitivities Dry Cat Food - Original,retailer,https://www.petsmart.com/cat/food-and-treats/veterinary-diets/f/brand/hill's prescription diet,Flavor slot filled by 'Original'; condition descriptor contains a slash.
US,mars_hills,Colgate-Palmolive,Hill's Prescription Diet,Gastrointestinal Biome,Stress,,Digestive/Fiber Care Chicken,dry,,adult,Hill's® Prescription Diet® Gastrointestinal Biome Stress Digestive/Fiber Care Dry Cat Food - Chicken,retailer,https://www.petsmart.com/cat/food-and-treats/veterinary-diets/f/brand/hill's prescription diet,"No letter code here: named line, then a sub-descriptor chain; also seen as 'Gastrointestinal Biome Stress Digestive FiberCare'. Sub-level boundaries ambiguous (my split is inferred)."
US,mars_hills,Colgate-Palmolive,Hill's Prescription Diet,Metabolic + Urinary,,,Chicken,dry,,adult,Hill's® Prescription Diet® Metabolic + Urinary Dry Cat Food - Chicken,retailer,https://www.petsmart.com/cat/food-and-treats/veterinary-diets/f/brand/hill's prescription diet,Combined-function line using '+'; the Metabolic + Mobility variant is listed similarly elsewhere (not verified here).
US,mars_hills,Colgate-Palmolive,Hill's Prescription Diet,a/d,Urgent Care,,Chicken,wet,,adult,"Hill's® Prescription Diet® a/d Urgent Care Adult Dog & Cat Food - Chicken, 5.5 Oz",retailer,https://www.petsmart.com/cat/food-and-treats/veterinary-diets/f/brand/hill's prescription diet,Cross-species product: one SKU for dog and cat; species is not a stable parent level.
US,mars_hills,Colgate-Palmolive,Hill's Prescription Diet,k/d,Kidney Care,,Variety Pack,wet,,all,Hill's Prescription Diet k/d Kidney Care Variety Pack All Life Stages Wet Cat Food - 24 Count,retailer,https://www.petsmart.com/cat/food-and-treats/veterinary-diets/f/brand/hill's prescription diet,All Life Stages in title; pack not a recipe.
US,mars_hills,Colgate-Palmolive,Hill's Prescription Diet,Metabolic,,,Adult Cat Treats,treat,,adult,Hill's® Prescription Diet® Metabolic Adult Cat Treats,retailer,https://www.petsmart.com/cat/food-and-treats/veterinary-diets/f/brand/hill's prescription diet,Prescription brand also has treats; no flavor.
US,mars_hills,Mars Petcare,Royal Canin,Feline Health Nutrition,Indoor Adult,,,dry,,adult,Royal Canin Feline Health Indoor Adult Dry Cat Food Nutrition,retailer,https://www.petsmart.com/cat/food-and-treats/f/brand/royal%20canin,Retailer title garbles word order (range name split around the form). Range = Feline Health Nutrition; product has no flavor name.
US,mars_hills,Mars Petcare,Royal Canin,Feline Health Nutrition,Indoor Adult,,,wet,,adult,Royal Canin® Feline Health Nutrition Indoor Adult Wet Cat Food - 3 oz,retailer,https://www.petsmart.com/cat/food-and-treats/f/brand/royal%20canin,Same product name in wet and dry; no texture in title (texture variants e.g. 'Morsels in Gravy' sold as other titles).
US,mars_hills,Mars Petcare,Royal Canin,Feline Health Nutrition,Instinctive,Thin Slices in Gravy,Thin Slices in Gravy,wet,thin slices; gravy,adult,"Royal Canin® Feline Health Nutrition Adult Instinctive Wet Cat Food - Thin Slices in Gravy, 3oz",retailer,https://www.petsmart.com/cat/food-and-treats/f/brand/royal%20canin,"Product name is the texture/sauce; 'Instinctive' is a sub-line, which also appears in Loaf in Sauce and Slices in Gravy variants. (subsubline duplicates the product name here; likely not a real level.)"
US,mars_hills,Mars Petcare,Royal Canin,Feline Health Nutrition,Mother & Babycat,,Mousse in Sauce,wet,mousse; sauce,kitten,Royal Canin® Feline Health Nutrition Mother & Babycat Mousse in Sauce Wet Cat Food 3 oz 12-count,retailer,https://www.petsmart.com/cat/food-and-treats/f/brand/royal%20canin,Life stage is encoded in the line name (Mother & Babycat = queens and kittens 1-4 months); dry sibling is 'Mother & Babycat Queen'.
US,mars_hills,Mars Petcare,Royal Canin,Feline Health Nutrition,Kitten,,Thin Slices in Gravy,wet,thin slices; gravy,kitten,"Royal Canin® Feline Health Nutrition Kitten Thin Slices in Gravy Wet Cat Food - 3 oz can, 12 count",retailer,https://www.petsmart.com/cat/food-and-treats/f/brand/royal%20canin,Life stage as sub-line.
US,mars_hills,Mars Petcare,Royal Canin,Feline Health Nutrition,Aging 11+,,Chicken,dry,,senior,"Royal Canin Feline Health Nutrition Aging 11+ Senior Dry Cat Food - Chicken, 6 lb",retailer,https://www.petsmart.com/cat/food-and-treats/f/brand/royal%20canin,Age band and 'Senior' redundantly in title; wet sibling is 'Feline Senior 11+' with no range name (naming drift).
US,mars_hills,Mars Petcare,Royal Canin,Feline Health Nutrition,Indoor 7+,,,dry,,senior,"Royal Canin Feline Indoor 7+ Mature Dry Cat Food, Health Nutrition",retailer,https://www.petsmart.com/cat/food-and-treats/f/brand/royal%20canin,Condition + age band + 'Mature' label; 'Health Nutrition' moved to the end of the title.
US,mars_hills,Mars Petcare,Royal Canin,Feline Health Nutrition,Sensitive Digestion,,,dry,,adult,"Royal Canin Feline Adult Dry Cat Food Health Nutrition, Sensitive Digestion",retailer,https://www.petsmart.com/cat/food-and-treats/f/brand/royal%20canin,Range placed in the middle of the title.
US,mars_hills,Mars Petcare,Royal Canin,Feline Care Nutrition,Digestive Care,,Thin Slices in Gravy,wet,thin slices; gravy,adult,"Royal Canin® Feline Care Nutrition Digestive Care Adult Cat Wet Food - Thin Slices in Gravy, 3 Oz",retailer,https://www.petsmart.com/cat/food-and-treats/f/brand/royal%20canin,Range (Care Nutrition) > care need > texture.
US,mars_hills,Mars Petcare,Royal Canin,Feline Care Nutrition,Hairball Care,,,dry,,adult,"Royal Canin Feline Adult Dry Cat Food Care Nutrition, Hairball Care",retailer,https://www.petsmart.com/cat/food-and-treats/f/brand/royal%20canin,"Several Care lines (Urinary Care, Weight Care, Dental Care, Appetite Control Care) follow the same pattern: need name carries 'Care'."
US,mars_hills,Mars Petcare,Royal Canin,Feline Breed Nutrition,Maine Coon Adult,,,dry,,adult,Maine Coon Adult Dry Cat Food,official,https://www.royalcanin.com/us/cats/products/retail-products/maine-coon-adult-2550,"Official page: breed + life stage; range shown on page as Feline Breed Nutrition; cube-shaped kibble; adult = 15 months+. Retailer title: 'Royal Canin Feline Maine Coon Adult Dry Cat Food, Breed Nutrition'."
US,mars_hills,Mars Petcare,Royal Canin,Feline Breed Nutrition,Persian Adult,,,dry,,adult,Royal Canin® Feline Breed Nutrition Persian Adult Dry Cat Food,retailer,https://www.petsmart.com/cat/food-and-treats/f/brand/royal%20canin,"Breed names (Persian, Bengal, Ragdoll, Maine Coon) are the second level; life stage after breed."
US,mars_hills,Mars Petcare,Royal Canin,Veterinary Diet,Multifunction,Urinary SO + Calm,,dry,,adult,Royal Canin Veterinary Diet Multifunction Adult Dry Cat Food - Urinary SO + Calm,retailer,https://www.petsmart.com/cat/food-and-treats/f/brand/royal%20canin,"Codes sit at the END: Urinary SO (SO = S/O Index) and combo with Calm; 'Multifunction' groups dual-purpose diets. 'Veterinary Diet' is a range, not part of brand name."
US,mars_hills,Mars Petcare,Royal Canin,Feline Health Nutrition,Digest Sensitive Care,,,wet,,adult,Royal Canin Digest Sensitive Care 5.1 OZ,retailer,https://www.petsmart.com/cat/food-and-treats/f/brand/royal%20canin,Title omits brand-range prefix entirely; likely the wet counterpart of 'Care Nutrition Digestive Care' (rename or inconsistency); inferred.
US,mars_hills,Mars Petcare,Royal Canin,Feline Health Nutrition,Indoor,,Morsels in Gravy,wet,morsels; gravy,adult,"Royal Canin Adult Cat Wet Food - Indoor, Morsels in Gravy, 12 Ct, 2.2 Lb",retailer,https://www.petsmart.com/cat/food-and-treats/f/brand/royal%20canin,Alternate title style with no range name.
US,mars_hills,Mars Petcare,Iams,IAMS Proactive Health,Indoor Adult,Weight & Hairball Care,Chicken,dry,,adult,"IAMS™ Proactive Health Indoor Adult Dry Cat Food - Weight & Hairball Care, Chicken",retailer,https://www.petsmart.com/cat/food-and-treats/f/brand/iams,Chain: line > life-stage/habitat > benefit > flavor. Official site brands the line 'Proactive 5'/'IAMS PROACTIVE HEALTH'. Another listing: 'Adult Indoor Weight - Chicken'.
US,mars_hills,Mars Petcare,Iams,IAMS Proactive Health,Adult,Urinary Tract Health,Chicken,dry,,adult,"IAMS™ Proactive Health Adult Dry Cat Food - Urinary Tract Health, Chicken",retailer,https://www.petsmart.com/cat/food-and-treats/f/brand/iams,Benefit segment is a health-need category.
US,mars_hills,Mars Petcare,Iams,IAMS Proactive Health,Adult,Healthy Adult,Salmon,dry,,adult,"IAMS™ Proactive Health™ Adult Dry Cat Food - Healthy Adult, Salmon",retailer,https://www.petsmart.com/cat/food-and-treats/f/brand/iams,Sub-segment 'Healthy Adult' is a life-stage restatement; trademark symbols vary between titles.
US,mars_hills,Mars Petcare,Iams,IAMS Proactive Health,Kitten,Healthy Development,Chicken,dry,,kitten,"IAMS™ Proactive Health Kitten Dry Cat Food - Healthy Development, Chicken",retailer,https://www.petsmart.com/cat/food-and-treats/f/brand/iams,"Sibling: 'Kitten Cat Dry Food - Healthy Kitten, Salmon' (benefit name drifts between 'Healthy Development' and 'Healthy Kitten')."
US,mars_hills,Mars Petcare,Iams,IAMS Proactive Health,Adult,Sensitive Digestion & Skin,Turkey,dry,,adult,"IAMS™ Proactive Health Adult Dry Cat Food - Sensitive Digestion & Skin, Turkey",retailer,https://www.petsmart.com/cat/food-and-treats/f/brand/iams,"Original 'Perfectly Delicate' name not found in current listings (renamed/folded into Sensitive Digestion & Skin: inferred, unverified)."
US,mars_hills,Mars Petcare,Iams,IAMS Perfect Portions,Healthy Adult,,Grain Free Chicken Paté,wet,pate,adult,Iams Perfect Portions Healthy Adult Wet Cat Food Grain Free Chicken Paté,retailer,https://www.petsmart.com/cat/food-and-treats/f/brand/iams,"A second Iams line (Perfect Portions twin-pack trays). 'Perfect Portions' is a packaging-based line name, shared with Sheba and Nutro."
US,mars_hills,Mars Petcare,Iams,IAMS Perfect Portions,Indoor Adult,,Cuts in Gravy,wet,cuts in gravy,adult,"IAMS™ Perfect Portions Indoor Adult Wet Cat Food - Cuts in Gravy, Variety Pack, 24 CT, 31.7 OZ",retailer,https://www.petsmart.com/cat/food-and-treats/f/brand/iams,Texture and pack type appended.
US,mars_hills,Mars Petcare,Iams,IAMS Perfect Portions,Sensitive Digestion & Skin,,Pate,wet,pate,adult,"IAMS Perfect Portions Sensitive Digestion & Skin Adult Cat Wet Food - Pate, 2.6oz",retailer,https://www.petsmart.com/cat/food-and-treats/f/brand/iams,Same benefit name as in Proactive Health.
US,mars_hills,Mars Petcare,Iams,IAMS Perfect Portions,Healthy Kitten,,"Grain Free, Chicken, Cuts In Gravy",wet,cuts in gravy,kitten,"Iams® Perfect Portions Healthy Kitten Wet Cat Food - Grain Free, Chicken, Cuts In Gravy",retailer,https://www.petsmart.com/cat/food-and-treats/f/brand/iams,Flavor and texture both in the tail.
US,mars_hills,Mars Petcare,Sheba,Perfect Portions,,,Cuts in Gravy,wet,cuts in gravy,adult,"Sheba® Perfect Portions Adult Wet Cat Food - Cuts in Gravy, 2.65 Oz",retailer,https://www.petsmart.com/cat/food-and-treats/f/brand/sheba,Single-level line; the texture is the product name; flavors in separate titles.
US,mars_hills,Mars Petcare,Sheba,Perfect Portions,,,Pate,wet,pate,adult,"Sheba® Perfect Portions Adult Wet Cat Food - Pate, 2.65 Oz",retailer,https://www.petsmart.com/cat/food-and-treats/f/brand/sheba,Same pattern.
US,mars_hills,Mars Petcare,Sheba,Perfect Portions,Cuts in Gravy,,"Chicken & Turkey, Variety Pack",wet,cuts in gravy,adult,"Sheba® Perfect Portions Adult Wet Cat Food - Chicken & Turkey, Cuts in Gravy, Variety Pack, 12 CT",retailer,https://www.petsmart.com/cat/food-and-treats/f/brand/sheba,"Flavors precede texture here, opposite to other titles (inconsistent); multi-flavor variety pack."
US,mars_hills,Mars Petcare,Sheba,Perfect Portions,Gravy Indulgence,,"Salmon, White Fish",wet,gravy,adult,"SHEBA Perfect Portions Gravy Indulgence - Salmon, White Fish, 31.7 OZ",retailer,https://www.petsmart.com/cat/food-and-treats/f/brand/sheba,Marketing sub-line 'Gravy Indulgence' under Perfect Portions; no life stage or 'Wet Cat Food' in title.
US,mars_hills,Mars Petcare,Sheba,Perfect Portions,Grilled Bites In Sauce,,,wet,grilled bites; sauce,adult,"Sheba® Perfect Portions™ Adult Wet Cat Food - Grilled Bites In Sauce, 2.65 Oz",retailer,https://www.petsmart.com/cat/food-and-treats/f/brand/sheba,Texture-style name occupies the sub-line slot.
US,mars_hills,Mars Petcare,Sheba,Perfect Portions,Pate in Natural Juices,,,wet,pate,adult,"Sheba® Perfect Portions™ Pate in Natural Juices Adult Wet Cat Food - VP, 48 Count, 7.93lbs",retailer,https://www.petsmart.com/cat/food-and-treats/f/brand/sheba,Descriptor placed before life stage; 'VP' abbreviation for variety pack.
US,mars_hills,Mars Petcare,Sheba,Perfect Portions,Kitten,,Soft Pate,wet,soft pate,kitten,"Sheba® Perfect Portions Kitten Wet Cat Food - Soft Pate, 2.65 Oz",retailer,https://www.petsmart.com/cat/food-and-treats/f/brand/sheba,Life stage replaces Adult.
US,mars_hills,Mars Petcare,Sheba,Bistro Perfect Portions,,,,wet,,adult,Sheba® Bistro Perfect Portions Adult Wet Cat Food - 2.64 Oz,retailer,https://www.petsmart.com/cat/food-and-treats/f/brand/sheba,Bistro is placed before Perfect Portions: possible sub-brand or distinct line; no flavor stated.
US,mars_hills,Mars Petcare,Sheba,Selections,Filets In Broth,,,wet,broth; filets,,"SHEBA Selections Filets In Broth - Premium Cat Meal Complement, Variety Pack, 10.4 OZ",retailer,https://www.petsmart.com/cat/food-and-treats/f/brand/sheba,Sold as a meal complement/topper rather than complete food (not a full diet); also 'Bisque Premium Adult Cat Complement'.
US,mars_hills,Mars Petcare,Sheba,Bisque,,,,wet,,adult,Sheba® Bisque Premium Adult Cat Complement - 1.41 Oz,retailer,https://www.petsmart.com/cat/food-and-treats/f/brand/sheba,Premium complement; line name only.
US,mars_hills,Mars Petcare,Sheba,Meaty Tender Sticks,,,"Soft & Savory, Chicken",treat,soft,adult,"Sheba® Meaty Tender Sticks Adult Cat Treats - Soft & Savory, Chicken",retailer,https://www.petsmart.com/cat/food-and-treats/f/brand/sheba,Treat; 'Soft & Savory' is a descriptor/texture before flavor; renamed 'Meaty Sticks' in a variety pack title.
US,mars_hills,Mars Petcare,Sheba,Meaty Sticks,,,"Chicken, Tuna, and Salmon Variety Pack",treat,,adult,"Sheba® Meaty Sticks Adult Cat Treats - Chicken, Tuna, and Salmon Variety Pack, 40 Count, 5.68 Oz",retailer,https://www.petsmart.com/cat/food-and-treats/f/brand/sheba,Name drift: 'Meaty Tender Sticks' vs 'Meaty Sticks'.
US,mars_hills,Mars Petcare,Sheba,Premium Puree,,,,treat,lickable; puree,,"Sheba® Premium Puree Lickable Cat Treat - 4 Ct, 1.98 Oz",retailer,https://www.petsmart.com/cat/food-and-treats/f/brand/sheba,Lickable treat; no flavor in title.
US,mars_hills,Mars Petcare,Nutro,Wholesome Essentials,,,Chicken & Brown Rice,dry,,adult,"Nutro Wholesome Essentials ™ Adult Dry Cat Food - Non-GMO, Natural, Chicken & Brown Rice",retailer,https://www.petsmart.com/cat/food-and-treats/nutro/,"Trademark symbol with a stray space; claims ('Non-GMO, Natural') sit between form and flavor."
US,mars_hills,Mars Petcare,Nutro,Wholesome Essentials,Indoor Adult,,Chicken & Brown Rice,dry,,adult,"Nutro Wholesome Essentials ™ Indoor Adult Dry Cat Food - Non-GMO, Natural, Chicken & Brown Ric",retailer,https://www.petsmart.com/cat/food-and-treats/nutro/,Title truncated by retailer ('Ric'): beware truncation.
US,mars_hills,Mars Petcare,Nutro,Wholesome Essentials,Sensitive,,"Chicken, Rice & ...",dry,,adult,"Nutro Wholesome Essentials ™ Sensitive Adult Dry Cat Food - Non-GMO, Natural, Chicken, Rice &",retailer,https://www.petsmart.com/cat/food-and-treats/nutro/,Title truncated mid-flavor.
US,mars_hills,Mars Petcare,Nutro,Wholesome Essentials,Kitten,,Chicken & Brown Rice,dry,,kitten,"Nutro Wholesome Essentials ™ Kitten Dry Cat Food - Natural, Chicken & Brown Rice",retailer,https://www.petsmart.com/cat/food-and-treats/nutro/,Life-stage as sub-line.
US,mars_hills,Mars Petcare,Nutro,Wholesome Essentials,Senior,,Chicken & Brown Rice,dry,,senior,"Nutro Wholesome Essentials™ Senior Dry Cat Food - Natural, Chicken & Brown Rice",retailer,https://www.petsmart.com/cat/food-and-treats/nutro/,Life stage as sub-line.
US,mars_hills,Mars Petcare,Nutro,Perfect Portions,Pate,,Chicken & Liver,wet,pate,adult,"Nutro Perfect Portions Pate Adult Wet Cat Food - Non-GMO, Grain Free, 2.64 oz",retailer,https://www.petsmart.com/cat/food-and-treats/nutro/,"Texture before life stage; flavor (e.g., Real Chicken & Liver) in other titles; related URL slug 'perfect-portions-chicken-and-liver'."
US,mars_hills,Mars Petcare,Nutro,Perfect Portions,Cuts in Gravy,,,wet,cuts in gravy,adult,"Nutro Perfect Portions Cuts in Gravy Adult Wet Cat Food - Non-GMO, Grain Free, 2.64 oz",retailer,https://www.petsmart.com/cat/food-and-treats/nutro/,Same Perfect Portions architecture as Sheba and Iams.
US,mars_hills,Mars Petcare,Nutro,Perfect Portions,Pate,Split Cup,Kitten,wet,pate,kitten,"Nutro Cat - Kitten, Pate, Split Cup, 2.64 OZ",retailer,https://www.petsmart.com/cat/food-and-treats/nutro/,Alternate retailer title style drops the line name ('Nutro Cat - ...'); 'Split Cup' = packaging descriptor. Not a true naming level.
US,mars_hills,Mars Petcare,Whiskas,Choice Cuts,,,"Poached Salmon, Tuna, Ocean Whitefish & Tuna, and Cod & Shrimp Variety",wet,,adult,"Whiskas Choice Cuts Poached Salmon, Tuna, Ocean Whitefish & Tuna, and Cod & Shrimp Variety, 3 Oz, 12 Ct.",retailer,https://www.walmart.com/ip/10318893,"Whiskas has a very thin US presence: sold mostly at mass retail; variety pack is the product, with multiple flavors in one title."
US,mars_hills,Mars Petcare,Whiskas,Purrfectly,,,Chicken Variety Pack,wet,,adult,WHISKAS PURRFECTLY Chicken Variety Pack Wet Cat Food 3 Ounces (10 Count),retailer,https://walmart.com/ip/seort/10318398,From a search result title only (page not fetched).
US,mars_hills,Mars Petcare,Temptations,Classic,,,Tasty Chicken,treat,soft; crunchy,adult,"Temptations™ Classic Adult Cat Treats - Soft & Crunchy, Tasty Chicken",retailer,https://www.petsmart.ca/cat/food-and-treats/treats/f/brand/temptations,Soft & Crunchy texture shown in title.
US,mars_hills,Mars Petcare,Temptations,Mix-Ups,,,"Chicken, Cheddar & Catnip",treat,soft; crunchy,adult,"Temptations Mix-Ups Adult Cat Treats - Chicken, Cheddar & Catnip Flavour",retailer,https://www.petsmart.ca/cat/food-and-treats/treats/f/brand/temptations,"Retailer is Canadian (petsmart.ca; 'Flavour' spelling). US title: 'Temptations MixUps Catnip Fever Flavor Soft & Crunchy Cat Treats' (chewy), so flavor is a themed name."
US,mars_hills,Mars Petcare,Temptations,Creamy Puree,,,Chicken,treat,lickable; puree,,Temptations Creamy Puree Chicken Lickable Cat Treats,retailer,https://www.petsmart.ca/cat/food-and-treats/treats/f/brand/temptations,Lickable treat line.
US,mars_hills,Mars Petcare,Temptations,Lickable Spoons,,,Chicken & Salmon,treat,wet,,Temptations Lickable Spoons Wet Cat Treats - Chicken & Salmon,retailer,https://www.petsmart.ca/cat/food-and-treats/treats/f/brand/temptations,Packaging format in the line name.
US,mars_hills,Mars Petcare,Temptations,Wacky Blasts,,,Cluckin Bacon,treat,,adult,Temptations Wacky Blasts Adult Cat Treats Cluckin Bacon Flavour,retailer,https://www.petsmart.ca/cat/food-and-treats/treats/f/brand/temptations,Playful flavor name.
US,mars_hills,Mars Petcare,Temptations,Classic,,,Tasty Chicken,treat,soft; crunchy,adult,"Temptations Classic Tasty Chicken Flavor Soft & Crunchy Cat Treats, 16-oz tub",retailer,https://www.chewy.com/best/greenies-cat-treats_s113792,US chewy title: 'Classic' is a real line; no life stage in the title.
US,mars_hills,Mars Petcare,Greenies,Feline Greenies,Dental Treats,Dental Care,Chicken,treat,,adult,"Greenies™ Feline Greenies Adult Cat Dental Treats - Dental Care, Natural, Chicken",retailer,https://www.petsmart.com/cat/food-and-treats/f/brand/greenies,Brand name repeated: 'Greenies™ Feline Greenies'; 'Natural' claim before flavor.
US,mars_hills,Mars Petcare,Greenies,Feline Greenies,SmartBites,Indoor Care,Chicken,treat,,adult,"Greenies™ Feline Greenies SmartBites Indoor Care Adult Cat Treats - Natural, Chicken",retailer,https://www.petsmart.com/cat/food-and-treats/f/brand/greenies,Chain: line > subline (SmartBites) > benefit (Indoor Care) > flavor.
US,mars_hills,Mars Petcare,Greenies,Feline Greenies,SmartBites,Skin & Fur Health,Salmon,treat,soft & crunchy,adult,Greenies™ Feline Greenies SmartBites Skin & Fur Health Adult Cat Treats - Salmon,retailer,https://www.petsmart.com/cat/food-and-treats/f/brand/greenies,Same pattern. 'Skin and Fur Health' vs 'Skin & Fur Health' drift.
US,mars_hills,Mars Petcare,Greenies,Feline Greenies,SmartBites,Healthy Kitten,,treat,,kitten,FELINE GREENIES SMARTBITES Healthy Kitten Treats,retailer,https://www.petsmart.com/cat/food-and-treats/f/brand/greenies,All caps title.
US,mars_hills,Mars Petcare,Greenies,Smart Purees,,,Healthy Indoor,treat,lickable; puree,,"Greenies™ Smart Purees™ Lickable Cat Treat - Healthy Indoor™, 4 Ct, 1.97 Oz",retailer,https://www.petsmart.com/cat/food-and-treats/f/brand/greenies,Separate line; the benefit holds the variant slot.
US,mars_hills,Mars Petcare,Greenies,Pill Pockets,Feline,,Chicken Flavor,treat,soft,,"Greenies Pill Pockets for Cats, Feline Treats - Chicken Flavor, 1.6 or 3 oz pouch, 45 or 85 Count",retailer,https://www.petsmart.com/cat/food-and-treats/f/brand/greenies,Functional treat (medication delivery); title lists multiple sizes/counts.
US,mass_private,Big Heart Pet Inc. / The J.M. Smucker Company,Meow Mix,Tenders in Sauce,,,With Real Salmon & Crab,wet,soft food with sauce,adult,Tenders in Sauce With Real Salmon & Crab,official,https://www.meowmix.com/cat-food/wet/tenders-in-sauce/tenders-in-sauce-with-real-salmon-crab,Breadcrumb Home > Cat Food > Wet Cat Food > Tenders in Sauce. Page says adult maintenance only. Texture is baked into line name ('in Sauce').
US,mass_private,Big Heart Pet Inc. / The J.M. Smucker Company,Meow Mix,Tender Favorites,,,"Salmon, Crab",wet,,all,"Meow Mix Tender Favorites Wet Cat Food All Ages - Salmon, Crab",retailer,https://www.petsmart.com/cat/food-and-treats/wet-food/meow-mix-tender-favorites-wet-cat-food-all-ages---salmon-crab-5308982.html,PetSmart title for the same product meowmix.com calls 'Tenders in Sauce With Real Salmon & Crab': a RENAME (Tender Favorites -> Tenders in Sauce) and the retailer title still uses old line name. Older PetSmart URL slug says 'adult-cat-food'; title now says All Ages.
US,mass_private,Big Heart Pet Inc. / The J.M. Smucker Company,Meow Mix,Tender Centers,,,With Basted Bites (Beef & Salmon),dry,"dual texture: crunchy outside, meaty inside",,Tender Centers With Basted Bites (Beef & Salmon),official,https://www.meowmix.com/cat-food/dry/,Product name has a 'With X' feature phrase PLUS a parenthetical flavor pair; two attributes inside one name.
US,mass_private,Big Heart Pet Inc. / The J.M. Smucker Company,Meow Mix,Tender Centers,,,With Vitality Bursts (Salmon & Turkey),dry,dual texture,,Tender Centers With Vitality Bursts (Salmon & Turkey),official,https://www.meowmix.com/cat-food/dry/,"Same line, different inclusion type ('Basted Bites' vs 'Vitality Bursts')."
US,mass_private,Big Heart Pet Inc. / The J.M. Smucker Company,Meow Mix,Tender Centers,,,(Salmon & White Meat Chicken),dry,dual texture,,Tender Centers (Salmon & White Meat Chicken),official,https://www.meowmix.com/cat-food/dry/,Base product of the line has no feature phrase; product name is only a flavor pair.
US,mass_private,Big Heart Pet Inc. / The J.M. Smucker Company,Meow Mix,Original Choice,,,,dry,,,Original Choice,official,https://www.meowmix.com/cat-food/dry/,Line IS the product: no separate flavor name. Breadcrumb Cat Food > Dry > Original Choice. Retailers add a flavor suffix (e.g. 'Original Choice Dry Food').
US,mass_private,Big Heart Pet Inc. / The J.M. Smucker Company,Meow Mix,Hairball Control,,,,dry,,,Hairball Control,official,https://www.meowmix.com/cat-food/dry/,"Functional benefit used as line name. Retailers title it 'Meow Mix Hairball Control Chicken, Turkey & Salmon Adult Dry Cat Food' (foodlion.com), adding flavor and life stage."
US,mass_private,Big Heart Pet Inc. / The J.M. Smucker Company,Meow Mix,Seafood Medley,,,,dry,,,Seafood Medley,official,https://www.meowmix.com/cat-food/dry/,Flavor used as line name.
US,mass_private,Big Heart Pet Inc. / The J.M. Smucker Company,Meow Mix,Kitten Lil Nibbles,,,,dry,small kibble,kitten,Kitten Lil Nibbles®,official,https://www.meowmix.com/cat-food/dry/,Life stage + registered sub-brand in one name; breadcrumb Dry > Kitten.
US,mass_private,Big Heart Pet Inc. / The J.M. Smucker Company,Meow Mix,Gravy Bursts,,,Chicken Flavor Mix,dry,gravy-filled pieces,,Gravy Bursts Chicken Flavor Mix,official,https://www.meowmix.com/cat-food/dry/,"Breadcrumb is Cat Food > Gravy Bursts > Chicken, i.e. Gravy Bursts is its own top node, not under Dry in the breadcrumb, though the product is dry."
US,mass_private,Big Heart Pet Inc. / The J.M. Smucker Company,Meow Mix,Savory Morsels,,,,wet,in gravy,,Savory Morsels® Cat Food,official,https://www.meowmix.com/products/,"Product-category page lists lines: Tender Centers, Bistro Recipes, Savory Morsels, Classic Paté, Brushing Bites (treats). Wet sub-lines elsewhere: Chunks in Gravy, Paté in Gravy, Paté + Shreds, Variety Packs."
US,mass_private,Big Heart Pet Inc. / The J.M. Smucker Company,Meow Mix,Seafood Selects,,,Variety Pack,wet,,,"Meow Mix Seafood Selects Wet Cat Food Variety Pack, 24 Cups, 2.75 Oz Each",retailer,https://www.walmart.com/ip/Meow-Mix-Seafood-Selects-Wet-Cat-Food-Variety-Pack-24-Cups-2-75-Oz-Each/10293659,Variety packs are a product type in themselves (multi-flavor); official site calls its pack 'seafood selections variety pack' (naming differs between site and Walmart). Pack size and count live in the title.
US,mass_private,Big Heart Pet Inc. / The J.M. Smucker Company,Meow Mix,Brushing Bites,,,,treat,dental,,Brushing Bites® Treats,official,https://www.meowmix.com/products/,"Treat line, claim 'help control plaque and tartar'."
US,mass_private,For All Tails Pet Care,9Lives,PLUS,,,Urinary Tract Health,dry,,adult,9Lives™ PLUS Urinary Tract Health Dry Cat Food,official,https://www.9lives.com/products/dry-food/plus-care-dry-food,Page URL still says 'plus-care-dry-food' and retailers (HEB) list 'Plus Care Flavors of Tuna & Egg': rename from 'Plus Care' to 'PLUS'. Flavor (tuna & egg) is an attribute not in title. Breadcrumb is only Home > All Products > product.
US,mass_private,For All Tails Pet Care,9Lives,PLUS,,,High Protein,dry,,,9Lives™ PLUS High Protein Dry Cat Food,official,https://www.9lives.com/products/,Benefit as product name.
US,mass_private,For All Tails Pet Care,9Lives,Paté,,,With Real Beef,wet,paté,,9Lives™ Paté With Real Beef Wet Cat Food,official,https://www.9lives.com/products/,Texture (Paté) precedes the flavor and acts like a line name; 'With Real X' flavor phrase.
US,mass_private,For All Tails Pet Care,9Lives,Paté,,,Seafood Platter,wet,paté,,9Lives™ Paté Seafood Platter Wet Cat Food,official,https://www.9lives.com/products/,"Flavor is a marketing name, not an ingredient list."
US,mass_private,For All Tails Pet Care,9Lives,Paté,,,Super Supper,wet,paté,,9Lives™ Paté Super Supper Wet Cat Food,official,https://www.9lives.com/products/,Pure marketing name with no ingredient.
US,mass_private,For All Tails Pet Care,9Lives,Kitten Paté,,,With Real Ocean Fish & Tuna,wet,paté,kitten,9Lives™ Kitten Paté With Real Ocean Fish & Tuna Wet Cat Food,official,https://www.9lives.com/products/,Life stage sits before texture in the title.
US,mass_private,For All Tails Pet Care,9Lives,Paté Favorites,,,Variety Pack,wet,paté,,9Lives™ Paté Favorites Wet Cat Food Variety Pack,official,https://www.9lives.com/products/,Variety packs listed alongside single-flavor products; 'Surf & Turf Favorites' and 'Seafood & Poultry Favorites' are the sibling packs.
US,mass_private,The J.M. Smucker Company,Rachael Ray Nutrish,,,,"Indoor Complete Chicken, Lentils & Salmon Recipe",dry,,adult,"Rachael Ray® Nutrish™ Indoor Complete Chicken, Lentils & Salmon Recipe Dry Cat Food",official,https://www.nutrish.com/cat-food,Benefit phrase 'Indoor Complete' acts as a line but the site shows no line labels. Form word is at the end.
US,mass_private,The J.M. Smucker Company,Rachael Ray Nutrish,,,,"Senior Healthy Aging Chicken, Chickpea & Salmon Recipe",dry,,senior,"Rachael Ray® Nutrish™ Senior Healthy Aging Chicken, Chickpea & Salmon Recipe Dry Cat Food",official,https://www.nutrish.com/cat-food,Life stage inside product name.
US,mass_private,The J.M. Smucker Company,Rachael Ray Nutrish,,,,Real Salmon & Brown Rice Recipe,dry,,,Rachael Ray® Nutrish™ Dry Cat Food Real Salmon & Brown Rice Recipe,official,https://www.nutrish.com/cat-food,"Form word 'Dry Cat Food' appears BEFORE the recipe in this title, after it in the siblings: inconsistent ordering on one page."
US,mass_private,The J.M. Smucker Company,Rachael Ray Nutrish,,,,"Everyday Digestion Chicken, Brown Rice and Salmon Recipe with Peas and Carrots",dry,,,"Rachael Ray® Nutrish™ Everyday Digestion Chicken, Brown Rice and Salmon Recipe with Peas and Carrots Dry Cat Food",official,https://www.nutrish.com/cat-food,Longest title; benefit + recipe + 'with' extras.
US,mass_private,The J.M. Smucker Company,Rachael Ray Nutrish,Grain Free,,,Chicken Purrcata,wet,,,Rachael Ray® Nutrish™ Grain Free Chicken Purrcata Wet Cat Food,official,https://www.nutrish.com/cat-food,"Grain Free is a diet attribute in title; pun names (Purrcata, Purrfection, Catch-iatore, Ocean Fish-a-licious) are the distinguishing name."
US,mass_private,The J.M. Smucker Company,Rachael Ray Nutrish,Grain Free,,,Ocean Fish & Chicken Catch-iatore,wet,,,Rachael Ray® Nutrish™ Grain Free Ocean Fish & Chicken Catch-iatore Wet Cat Food,official,https://www.nutrish.com/cat-food,Pun name carries real ingredients.
US,mass_private,The J.M. Smucker Company,Rachael Ray Nutrish,Grain Free,,,Chicken Lover's Variety Pack,wet,,,Rachael Ray® Nutrish™ Grain Free Chicken Lover's Variety Pack Wet Cat Food,official,https://www.nutrish.com/cat-food,Variety pack.
US,mass_private,The J.M. Smucker Company,Rachael Ray Nutrish,Purrfect Broths,Grain Free,,Classic Chicken Recipe,other,lickable,,"Rachael Ray® Nutrish™ Purrfect Broths Grain Free Classic Chicken Recipe, Lickable Complements for Cats",official,https://www.nutrish.com/cat-food,Complement/topper not a complete meal; form is neither wet nor dry; uses a genuine named sub-line (Purrfect Broths) then Grain Free then recipe; descriptor phrase appended.
US,mass_private,The J.M. Smucker Company,Rachael Ray Nutrish,Savory Bites,,,Chicken & Veggies,dry,,adult,"Rachael Ray Nutrish Savory Bites Dry Cat Food Adult - Chicken, Veggies",retailer,https://www.petsmart.com/cat/food-and-treats/dry-food/rachael-ray-nutrish-savory-bites-dry-cat-food-adult---chicken-veggies-5306698.html,"PetSmart still lists the Savory Bites line (and Fred Meyer 'Savory Bites Yummy Chicken & Veggie Recipe'), which nutrish.com's current cat page does not show: line retired or renamed. Retailer title pattern: Brand Line Form Lifestage - Flavor, Flavor."
US,mass_private,PetSmart,Authority,Everyday Health,,,"Chicken & Rice, With-Grain",dry,,adult,"Authority® Everyday Health Indoor Cat Dry Food - Chicken & Rice, With-Grain",retailer,https://www.petsmart.com/cat/food-and-treats/dry-food/authority-everyday-health-indoor-cat-dry-food---chicken-and-rice-with-grain-51006.html,"Private label; owner PetSmart. Title carries line (Everyday Health), a lifestyle (Indoor), form, then flavor and a grain attribute. Older URL slug 'authority-indoor-adult-cat-food---chicken-and-rice' shows rename: Authority Indoor Adult -> Everyday Health Indoor. Sold on petsmart.ca too under same title. Page cites Biome+ prebiotic blend and Ora-Shield System as feature trademarks."
US,mass_private,Costco Wholesale,Kirkland Signature,,,,Cat Food Maintenance Cat Chicken & Rice Formula,dry,,adult,Kirkland Signature Cat Food Maintenance Cat Chicken & Rice Formula,retailer,https://www.costco.com/kirkland-signature-cat-food.html,'Maintenance Cat' is a life-stage-like phrase inside the name.
US,mass_private,Costco Wholesale,Kirkland Signature,,,,Super Premium Maintenance Cat Chicken & Rice Formula,dry,,adult,Kirkland Signature Super Premium Maintenance Cat Chicken & Rice Formula,retailer,https://www.costco.com/kirkland-signature-cat-food.html,Two near-identical titles on one page ('Cat Food' vs 'Super Premium'): quality tier is a name token.
US,mass_private,Costco Wholesale,Kirkland Signature,,,,Super Premium Healthy Weight Indoor Adult Cat Formula,dry,,adult,Kirkland Signature Super Premium Healthy Weight Indoor Adult Cat Formula,retailer,https://www.costco.com/kirkland-signature-cat-food.html,Several benefit tokens stacked.
US,mass_private,Costco Wholesale,Kirkland Signature,Nature's Domain,,,Salmon Meal & Sweet Potato Formula for Cats,dry,,,Nature's Domain™ Salmon Meal & Sweet Potato Formula for Cats,retailer,https://www.costco.com/p/-/kirkland-signature-natures-domain-cat-food-18-lbs/100242955,"Kirkland Signature is a house brand whose sub-brand (Nature's Domain) appears in the Costco listing with the Kirkland prefix on some pages (costcobusinessdelivery: 'Kirkland Signature Nature's Domain Cat Food, Salmon & Sweet Potato Formula, 18 lbs') and without it in others."
US,mass_private,Costco Wholesale,Kirkland Signature,Nature's Domain,,,Organic Chicken & Chicken Liver,wet,,,Nature's Domain™ Organic Chicken & Chicken Liver,retailer,https://www.costco.com/kirkland-signature-cat-food.html,Wet listing has no form word and no 'for Cats' in the listed title.
US,mass_private,Chewy,American Journey,,,,Pate Salmon Recipe,wet,pate,,"American Journey Pate Salmon Recipe Grain-Free Canned Cat Food, 3-oz can, case of 24",retailer,https://www.chewy.com/american-journey-pate-salmon-recipe/dp/160909,"Chewy titles encode brand, texture, flavor, diet, form, can size and case count in one string. Texture precedes flavor; pack variations are separate dp ids (3-oz vs 12.5-oz)."
US,mass_private,Chewy,American Journey,,,,Pate Turkey & Salmon Recipe,wet,pate,,"American Journey Pate Turkey & Salmon Recipe Grain-Free Canned Cat Food, 12.5-oz can, case of 12",retailer,https://www.chewy.com/american-journey-pate-turkey-salmon/dp/160913,Size is part of the title and part of the identity.
US,mass_private,Chewy,American Journey,Senior,,,Pate Salmon Recipe,wet,pate,senior,"American Journey Senior Pate Salmon Recipe Canned Cat Food, 3-oz can, case of 24",retailer,https://www.chewy.com/american-journey-senior-pate-salmon/dp/357112,Life stage placed directly after brand like a line; this title has no grain-free token.
US,mass_private,Chewy,American Journey,Indoor,,,Pate Chicken Recipe,wet,pate,adult,"American Journey Indoor Pate Chicken Recipe Grain-Free Canned Cat Food, 5.5-oz, case of 24",retailer,https://www.chewy.com/american-journey-indoor-pate-chicken/dp/269361,'Indoor' lifestyle after brand.
US,mass_private,Chewy,American Journey,,,,Minced Salmon & Tuna Recipe in Gravy,wet,minced; in gravy,,"American Journey Minced Salmon & Tuna Recipe in Gravy Grain-Free Canned Cat Food, 3-oz can, case of 24",retailer,https://www.chewy.com/american-journey-minced-salmon-tuna/dp/160945,Texture word 'Minced' plus sauce 'in Gravy'.
US,mass_private,Chewy,American Journey,Landmark,,,Salmon Recipe in Broth,wet,in broth,all,"American Journey Landmark Salmon Recipe in Broth Grain-Free Canned Cat Food, 3-oz can, case of 12",retailer,https://www.chewy.com/american-journey-landmark-salmon/dp/220136,"A real sub-line ('Landmark'); page says all life stages (12 months+); fetched page lists manufacturer country as Thailand, not a company name; owner Chewy."
US,mass_private,Petco,WholeHearted,Grain Free,,,Chicken Formula,dry,,,WholeHearted Grain Free Chicken Formula Dry Cat Food,retailer,https://www.petco.com/shop/en/petcostore/brand/wholehearted/cat,Diet attribute (Grain Free) fills the line slot.
US,mass_private,Petco,WholeHearted,Grain Free,Best Sellers,Mouthwatering Morsels,Variety Pack,wet,morsels,,WholeHearted Grain Free Best Sellers Mouthwatering Morsels Wet Cat Food Variety Pack,retailer,https://www.petco.com/shop/en/petcostore/brand/wholehearted/cat,"Deepest chain seen: diet > 'Best Sellers' > 'Mouthwatering Morsels' > variety pack. 'Best Sellers' is a marketing bundle label, also used with Flakes, Pate and Minced."
US,mass_private,Petco,WholeHearted,Grain Free,Pate,Catch of the Day,Variety Pack for All Life Stages,wet,pate,all,WholeHearted Grain Free Pate Catch of the Day Wet Cat Food Variety Pack for All Life Stages,retailer,https://www.petco.com/shop/en/petcostore/brand/wholehearted/cat,Texture (Pate) then pack theme then life stage at the end.
US,mass_private,Petco,WholeHearted,All Life Stages,,,Grain Free Tuna and Shrimp Recipe Flaked in Gravy,wet,flaked; in gravy,all,WholeHearted All Life Stages Canned Cat Food - Grain Free Tuna and Shrimp Recipe Flaked in Gravy,retailer,https://www.petco.com/shop/en/petcostore/brand/wholehearted/cat,"Uses a dash separator; life stage leads, texture trails."
US,mass_private,Petco,WholeHearted,Grain-Free,,,Chicken Recipe,dry,kibble,kitten,WholeHearted Grain-Free Chicken Recipe Dry Kitten Food,retailer,https://www.petco.com/shop/en/petcostore/brand/wholehearted/cat,"'Grain-Free' hyphenated here, 'Grain Free' elsewhere in same listing; 'Kitten Food' replaces 'Cat Food'."
US,mass_private,Petco,WholeHearted,Healthy Digestion,,,Chicken and Egg Product Recipe,dry,,,WholeHearted Healthy Digestion Chicken and Egg Product Recipe Dry Cat Food,retailer,https://www.petco.com/shop/en/petcostore/brand/wholehearted/cat,'Healthy Digestion' vs 'Easy Digestion' appear for different items: benefit tokens drift.
US,mass_private,Petco,WholeHearted,Grain-Free,,,Chicken & Grain-Free Salmon Pleasing Pate Split Cup Cat Food Variety Pack,wet,pate; split cup,,WholeHearted Grain-Free Chicken & Grain-Free Salmon Pleasing Pate Split Cup Cat Food Variety Pack,retailer,https://www.petco.com/shop/en/petcostore/brand/wholehearted/cat,Odd: 'Grain-Free' repeated per flavor; 'Split Cup' is a package format in the name.
US,mass_private,Petco,WholeHearted,Grain Free,,,Chicken Recipe Pate,wet,pate,adult,WholeHearted Grain Free Chicken Recipe Pate Adult Wet Cat Food,retailer,https://www.petco.com/shop/en/petcostore/brand/wholehearted/cat,"Life stage placed after texture here, elsewhere before; ordering of tokens is not stable (do not model by position)."
US,mass_private,Walmart,Special Kitty,Gourmet Formula,,,Seafood Blend Flavor,dry,,,"Special Kitty Gourmet Formula Seafood Blend Flavor Dry Cat Food, 16 lb Bag",retailer,https://www.walmart.com/browse/pets/special-kitty-cat-food/5440_5285960_5343254_5681307,bag size in title.
US,mass_private,Walmart,Special Kitty,Complete Nutrition,,,Chicken & Turkey Flavor,dry,,,"Special Kitty Complete Nutrition Chicken & Turkey Flavor Dry Cat Food, 35 lb Bag",retailer,https://www.walmart.com/browse/pets/special-kitty-cat-food/5440_5285960_5343254_5681307,'Flavor' suffix used.
US,mass_private,Walmart,Special Kitty,Outdoor Formula,,,,dry,,,"Special Kitty Outdoor Formula Dry Cat Food, 44 lb Bag",retailer,https://www.walmart.com/browse/pets/special-kitty-cat-food/5440_5285960_5343254_5681307,Lifestyle line with no flavor.
US,mass_private,Walmart,Special Kitty,,,,Chicken & Tuna Dinner Pate,wet,pate,,"Special Kitty Chicken & Tuna Dinner Pate Wet Cat Food, 5.5 oz Can",retailer,https://www.walmart.com/ip/Special-Kitty-Chicken-Tuna-Dinner-Pate-Wet-Cat-Food-5-5-oz-Can/966849038,Same item sold as '(6 pack)' multi-pack at a separate Walmart URL.
US,mass_private,Walmart,Special Kitty,,,,Turkey & Giblets Dinner Pate,wet,pate,,"Special Kitty Turkey & Giblets Dinner Pate Wet Cat Food, 22 oz Can",retailer,https://www.walmart.com/browse/pets/special-kitty-cat-food/5440_5285960_5343254_5681307,22 oz can size; another URL slug says 'Turkey-and-Giblets-Canned-Cat-Food': title drift.
US,mass_private,Walmart,Special Kitty,Classic,,,Variety Pack Pate,wet,pate,,"Special Kitty Classic Variety Pack Pate Cat Food, 13 oz Cans, 12 Pack",retailer,https://www.walmart.com/browse/pets/special-kitty-cat-food/5440_5285960_5343254_5681307,Variety pack; count and can size in title.
US,mass_private,Walmart,Special Kitty,,,,Poultry & Beef Cuts in Gravy Variety Pack,wet,cuts; in gravy,,"Special Kitty Poultry & Beef Cuts in Gravy Wet Cat Food Variety Pack, 5.5 oz Cans, 40 Pack",retailer,https://www.walmart.com/browse/pets/special-kitty-cat-food/5440_5285960_5343254_5681307,Texture in name.
US,mass_private,Walmart,Special Kitty,Crunchy & Creamy,,,Tuna Flavor,treat,crunchy; creamy,,"Special Kitty Crunchy & Creamy Tuna Flavor Cat Treats, 16 oz",retailer,https://www.walmart.com/browse/pets/special-kitty-cat-food/5440_5285960_5343254_5681307,Texture words form the line name of a treat.
US,mass_private,Dr. Elsey's,Dr. Elsey's,cleanprotein,,,Homestyle Salmon & Chicken,wet,pouch,all,"Dr. Elsey's cleanprotein Homestyle Salmon & Chicken Wet Cat Food, 2.82-oz pouch, 12 count",retailer,https://www.chewy.com/dr-elseys-cleanprotein-homestyle/dp/1051606,Lowercase 'cleanprotein' is a trademarked line; 'Homestyle' is a recipe-style qualifier. Chewy lists manufacturer as Dr. Elsey's. Package type (pouch) shown in the title.
US,mass_private,Dr. Elsey's,Dr. Elsey's,cleanprotein,,,Chicken Pate Recipe,wet,pate,,dr elseys clean protein chicken pate recipe wet cat food 2 75oz can,retailer,https://petmarketnyc.com/products/dr-elseys-clean-protein-chicken-pate-recipe-wet-cat-food-2-75oz-can,"Slug only (lowercase, with 'clean protein' spaced): retailer spelling differs from brand's 'cleanprotein'. Not verified against brand page (drelseys.com page content was not retrievable)."
US,mass_private,Solid Gold Pet (unverified),Solid Gold,Indigo Moon,High Protein,,Chicken,dry,,all,Indigo Moon™ Chicken Dry Food for Cats,official,https://solidgoldpet.com/products/indigo-moon-dry,"Manufacturer page shows product line label 'High Protein' while title leads with Indigo Moon; the line and product are partly interchangeable. Retailer title: 'Solid Gold Indigo Moon Holistic Cat & Kitten Food - Natural, High Protein, Grain Free' (PetSmart), where the line name carries a brand-level 'Holistic' token and the flavor is not in the title. Life stage inferred from kitten feeding note."
US,mass_private,Solid Gold Pet (unverified),Solid Gold,Indigo Moon,,,Alaskan Pollock,dry,,,Indigo Moon™,inferred,https://www.solidgoldpet.com/product/indigo-moon-alaskan-pollock,Search-result title only; page not fetched. Flavor appears only in the URL slug.
US,mass_private,Diamond Pet Foods (unverified),Taste of the Wild,Rocky Mountain Feline Recipe,,,Roasted Venison & Smoke-Flavored Salmon,dry,,all,Taste of the Wild Grain-Free Rocky Mountain Feline Recipe w/ Roasted Venison & Smoke-Flavored Salmon Dry Cat Food,retailer,https://www.petfood.express/taste-of-the-wild-rocky-mountain-feline-recipe-dry-cat-food/,"Landscape/habitat is the line name ('Rocky Mountain'), with 'Feline Recipe' glued on. Retailers vary the protein wording: 'Smoked Salmon' vs 'Smoke-Flavored Salmon'; 'w/' abbreviations; 'Formula' vs 'Recipe' (Tractor Supply says 'Feline Formula')."
US,mass_private,Diamond Pet Foods (unverified),Taste of the Wild,Canyon River Feline Recipe,,,Trout & Smoke-Flavored Salmon,dry,,all,Taste of the Wild Grain-Free Canyon River Feline Recipe w/ Trout & Smoke-Flavored Salmon Dry Cat Food,retailer,https://www.petfood.express/products/taste-of-the-wild-canyon-river-feline-recipe-dry-cat-food.html,Same pattern; other retailers say 'Trout and Salmon'.
US,mass_private,Diamond Pet Foods (unverified),Taste of the Wild,Lowland Creek Feline Recipe,,,Roasted Quail & Roasted Duck,dry,,,Taste Of The Wild Lowland Creek Dry Cat Food Feline Recipe with Roasted Quail & Duck 14 lb Bag,retailer,https://www.petsupermarket.com/cat/food-treats/dry-food/taste-of-the-wild-lowland-creek-dry-cat-food-feline-recipe-with-roasted-quail-duck-14-lb-bag/7419861410.html,Different token order here (form before recipe).
US,mass_private,Diamond Pet Foods (unverified),Taste of the Wild,Canyon River,,,Canned (flavor not verified),wet,canned,,"Taste of the Wild, Canyon River Canned Cat Food",retailer,https://www.harvestmarket.com/shop/grocery/pet/cat/cat_food/taste_of_the_wild_canyon_river_canned_cat_food/p/6308116,Same habitat line name reused for a wet format (dry and wet share a line name; form is a separate attribute).
US,mass_private,Midwestern Pet Foods (unverified),Earthborn Holistic,,,,Monterey Medley,wet,canned,all,"Earthborn Holistic Monterey Medley Grain-Free Natural Canned Cat & Kitten Food, 5.5-oz, case of 24",retailer,https://www.chewy.com/earthborn-holistic-monterey-medley/dp/324239,"Chewy title (from a bundle page): a flavor name (tuna & mackerel) with no line label; 'Cat & Kitten' used as an all-stages cue. Page says Thailand human-grade facility, not a company."
US,mass_private,Midwestern Pet Foods (unverified),Earthborn Holistic,,,,Chicken Catcciatori,wet,canned,adult,"Earthborn Holistic Chicken Catcciatori Grain-Free Natural Adult Canned Cat Food, 5.5-oz, case of 24",retailer,https://www.chewy.com/earthborn-holistic-monterey-medley/dp/324239,Pun-style name; Primitive Feline and Wild Sea Catch dry products also appear in searches but not verified.
US,mass_private,Midwestern Pet Foods (unverified),Earthborn Holistic,,,,Primitive Feline,dry,,,Earthborn Holistic® Grain-Free Primitive Feline™ Cat Food,retailer,https://agrifeedpetsupply.com/products/copy-of-earthborn-holistic-grain-free-wild-sea-catch-cat-food,Search-result title; the URL slug says 'wild-sea-catch' while the title says 'Primitive Feline': retailer slug/title mismatch.
US,mass_private,Fromm Family Foods,Fromm,Four-Star,,,Salmon À La Veg®,dry,,all,Four-Star Salmon À La Veg® Recipe Dry Cat Food,official,https://gofromm.com/fromm-four-star-nutritionals-salmon-a-la-veg-food-for-cats,"Breadcrumb CAT > Four-Star > Dry (line, then form). Retailers use 'Fromm Four-Star Nutritionals Salmon A La Veg' (older, longer line name 'Four-Star Nutritionals' shortened to 'Four-Star' on the site: rename). Registered mark on recipe name."
US,mass_private,Fromm Family Foods,Fromm,Gold,,,"Chicken, Duck, & Salmon Pâté",wet,pâté,adult,"Gold Adult Chicken, Duck, & Salmon Pâté Wet Cat Food",official,https://gofromm.com/adult-gold-chicken-duck-and-salmon-pate-cat-food,"Breadcrumb is CAT > Adult > Gold > Wet: life stage is ABOVE line in the tree, and form below it. Page header reads 'Adult Gold ...' while page heading reads 'Gold Adult ...': same site, two orders. Page states Adult and Senior."
US,mass_private,Fromm Family Foods,Fromm,Four-Star,,,Beef Pâté,wet,pâté,,Fromm Four-Star Grain-Free Beef Pâté Cat Food,inferred,https://agrifeedpetsupply.com/collections/fromm-black-friday/products/fromm-four-star-grain-free-beef-pate-cat-food,Retailer URL slug only; same line used for both dry and wet.
US,mass_private,Open Farm (unverified),Open Farm,,,,Homestead Turkey & Chicken,dry,kibble,adult,Homestead Turkey & Chicken Grain-Free Cat Kibble,official,https://openfarmpet.com/collections/cat-food,'Homestead' is a sourcing-style recipe prefix that stays attached to the protein; form (Kibble) used instead of 'Dry'.
US,mass_private,Open Farm (unverified),Open Farm,RawMix,,,Open Prairie,dry,kibble with raw pieces,,RawMix Open Prairie Grain-Free Cat Kibble,official,https://openfarmpet.com/collections/cat-food,RawMix is a real line; 'Open Prairie' is the recipe name with no protein listed.
US,mass_private,Open Farm (unverified),Open Farm,Goodbowl,,,Wild-Caught Salmon & Brown Rice,dry,kibble,,Goodbowl™ Wild-Caught Salmon & Brown Rice Cat Kibble,official,https://openfarmpet.com/collections/cat-food,Brand-level sub-line with trademark.
US,mass_private,Open Farm (unverified),Open Farm,Rustic Blends,,,Chicken & Salmon,wet,rustic blend,,Chicken & Salmon Rustic Blend Wet Cat Food,official,https://openfarmpet.com/collections/cat-food,The wet-format family name 'Rustic Blend' is a texture-ish line placed AFTER the flavor in the product title.
US,mass_private,Open Farm (unverified),Open Farm,Pâtés,,,Harvest Chicken,wet,pâté,,Harvest Chicken Pâté for Cats,official,https://openfarmpet.com/collections/cat-food,Texture is the product-type suffix; 'for Cats' replaces the form word.
US,mass_private,Open Farm (unverified),Open Farm,Functional Pâtés,,,Wild-Caught Salmon Skin & Coat Health,wet,pâté,,Wild-Caught Salmon Skin & Coat Health Pâté for Cats,official,https://openfarmpet.com/collections/cat-food,Benefit token between flavor and texture.
US,mass_private,Open Farm (unverified),Open Farm,Morsels in Gravy,,,Turkey & Salmon,wet,morsels; in gravy,,Turkey & Salmon Morsels in Gravy for Cats,official,https://openfarmpet.com/collections/cat-food,Collection groups by texture.
US,mass_private,Open Farm (unverified),Open Farm,Freeze Dried Raw,,,Surf & Turf,freeze-dried,morsels,,Surf & Turf Freeze Dried Raw Morsels for Cats,official,https://openfarmpet.com/collections/cat-food,Format as category on the same collection.
US,mass_private,Open Farm (unverified),Open Farm,Kitty Cubes,,,Salmon & Mackerel,treat,cubes,,Salmon & Mackerel Kitty Cube Treats,official,https://openfarmpet.com/collections/cat-food,Treat line.
US,mass_private,Open Farm (unverified),Open Farm,Toppers,,,Arctic Char,other,topper,,Arctic Char Topper for Cats,official,https://openfarmpet.com/collections/cat-food,Also Bone Broth and Supplements categories under the same brand: product types beyond food.
US,mass_private,Open Farm (unverified),Open Farm,,,,Rustic Blend Variety Pack,other,,,Rustic Blend Variety Pack for Cats,official,https://openfarmpet.com/collections/cat-food,"Bundles/variety packs are listed alongside single products (also 'New Kitten Pack', 'Picky Feline Bundle')."
US,premium,Tiki Pets (parent unverified),Tiki Cat,After Dark,Whole Foods,,Chicken & Quail Egg Recipe in Broth,wet,shredded; in broth,adult,Chicken & Quail Egg Recipe in Broth,official,https://tikipets.com/cat/after-dark/,"After Dark page groups products under texture headings (Whole Foods, Velvet Mousse, Pate+, Shreds, Soft Pate); texture acts as a subline-like grouping. Recipe name is descriptive; 'Recipe in Broth' is part of name."
US,premium,Tiki Pets (parent unverified),Tiki Cat,After Dark,Velvet Mousse,,Chicken & Beef Recipe in Chicken Broth,wet,mousse; silky smooth,adult,After Dark® Velvet Mousse Chicken & Beef Recipe in Chicken Broth (page URL slug velvet-mousse-chicken-beef-recipe-in-chicken-broth),official,https://tikipets.com/product-category/tiki-cat/tiki-cat-wet-food/mousse-cat/velvet-mousse/,Same texture name 'Velvet Mousse' exists both as a standalone Tiki Cat line AND as a sub-line of After Dark: texture word is a branded sub-line that crosses lines.
US,premium,Tiki Pets (parent unverified),Tiki Cat,Velvet Mousse,,,Tuna & Mackerel in Broth,wet,mousse; silky smooth,adult,Tuna & Mackerel in Broth,official,https://tikipets.com/product/tiki-cat/tiki-cat-wet-food/mousse-cat/velvet-mousse/tuna-mackerel/,Standalone line where line name IS the texture. Title as listed omits line name; breadcrumb/URL path carries it.
US,premium,Tiki Pets (parent unverified),Tiki Cat,Velvet Mousse,,,Hairball Control: Chicken & Tuna Recipe in Broth,wet,mousse,adult,Hairball Control: Chicken & Tuna Recipe in Broth,official,https://tikipets.com/product/tiki-cat/tiki-cat-wet-food/mousse-cat/velvet-mousse/tiki-cat-velvet-mousse-hairball-chicken-tuna-recipe-in-broth/,Functional claim 'Hairball Control:' is a prefix in the product name (acts like a sub-line/attribute); URL slug includes the full line name.
US,premium,Tiki Pets (parent unverified),Tiki Cat,Luau,Shredded,,Hookena Luau Ahi Tuna & Chicken,wet,shredded; consomme,adult,Tiki Cat™ Hookena Luau™ Ahi Tuna & Chicken,official,https://tikipets.com/product-category/tiki-cat/tiki-cat-wet-food/shredded-cat/luau/,Line name appears INSIDE the flavor name: place name (Hookena) + 'Luau' + protein. Hawaiian place names are the distinguishing code; the protein is a trailing descriptor.
US,premium,Tiki Pets (parent unverified),Tiki Cat,Luau,Pate,,Tuna & Chicken Pate Recipe,wet,pate,adult,Tiki Cat™ Pate Tuna & Chicken Pate Recipe,official,https://tikipets.com/product-category/tiki-cat/tiki-cat-wet-food/shredded-cat/luau/,Same Luau line has shredded (place-name titles) and pate (plain protein titles with 'Pate' as both prefix and suffix). Title duplicates 'Pate' showing texture-as-subline plus texture-as-name-suffix. Category path calls it 'shredded-cat' even though pate items live there.
US,premium,Tiki Pets (parent unverified),Tiki Cat,Born Carnivore,,,Chicken Breast & Duck Recipe in Chicken Broth,wet,cutlets; in broth,adult,Chicken Breast & Duck Recipe in Chicken Broth,official,https://tikipets.com/product/tiki-cat/tiki-cat-dry-food/born-carnivore/chicken-breast-duck-recipe-in-chicken-broth/,"Born Carnivore holds BOTH wet and dry products but the URL path is under 'tiki-cat-dry-food', so category taxonomy is unreliable for form. Wet cutlets are untagged in title; form must be an attribute."
US,premium,Tiki Pets (parent unverified),Tiki Cat,Born Carnivore,,,Mousse: Tuna & Salmon Recipe in Tuna Broth,wet,mousse,adult,Mousse: Tuna & Salmon Recipe in Tuna Broth,official,https://tikipets.com/product-category/tiki-cat/tiki-cat-dry-food/born-carnivore/,"Texture is a title prefix with colon here, i.e. part of the product name."
US,premium,Tiki Pets (parent unverified),Tiki Cat,Born Carnivore,,,Indoor Health: Chicken & Turkey Meal Recipe,dry,kibble,adult,Indoor Health: Chicken & Turkey Meal Recipe,official,https://tikipets.com/product/tiki-cat/tiki-cat-dry-food/born-carnivore/chicken-turkey/,"Functional prefix 'Indoor Health:' / 'High Protein:' acts like a sub-line in the title; also 'Silver Senior Health:' and 'Baby Kitten Health:' prefixes encode life stage and are filed under other categories (mousse-shreds/senior-cat, kitten)."
US,premium,Tiki Pets (parent unverified),Tiki Cat,Silver Senior Health,,,Chicken & Herring Meal Recipe,dry,kibble,senior,Silver Senior Health: Chicken & Herring Meal Recipe,official,https://tikipets.com/product/tiki-cat/tiki-cat-wet-food/mousse-shreds/senior-cat/chicken-herring-meal-recipe/,Listed on Born Carnivore page but URL is under wet-food/mousse-shreds/senior-cat although it is a dry meal recipe: same product appears under two lines/categories (Silver and Born Carnivore). Line assignment ambiguous.
US,premium,Tiki Pets (parent unverified),Tiki Cat,Friends,,,"Chicken, Pumpkin & Duck Recipe in Broth",wet,minced; in broth,adult,"Chicken, Pumpkin & Duck Recipe in Broth",official,https://tikipets.com/cat/friends/,Page lists the same recipe name twice under texture headings Minced and Mousse; texture is therefore the only differentiator (separate attribute or name prefix). Friends line is called 'Aloha Friends' on some retail listings; official page says 'Friends'.
US,premium,Tiki Pets (parent unverified),Tiki Cat,Friends,Treats,,Chicken & Pumpkin Recipe in Creamy Gravy,treat,creamy gravy,adult,Chicken & Pumpkin Recipe in Creamy Gravy,official,https://tikipets.com/cat/friends/,Treat nested under the same Friends line as complete wet food.
US,premium,Tiki Pets (parent unverified),Tiki Cat,Gelee,,,(line page; individual product names not captured),wet,gelee,,Gelée (category link),official,https://tikipets.com/product-category/tiki-cat/tiki-cat-wet-food/lean-gelee/,Category slug is 'lean-gelee' while display name is 'Gelée': texture is a line. Unverified product-level.
US,premium,Weruva International (parent unverified),Weruva,Cats in the Kitchen,,,Funk in the Trunk,wet,au jus; pumpkin consomme,adult,Weruva Cats in the Kitchen Funk in the Trunk Chicken Recipe in Pumpkin Consommé Canned Cat Food,official,https://www.weruva.com/collections/cats-in-the-kitchen-foods/products/funk-in-the-trunk-cat-can,Pun name. Retailer title (petfood.express) reads 'Chicken Recipe in Pumpkin Consomme'; Weruva collection page describes it as 'Chicken Breast & Pumpkin Au Jus' - descriptor differs by source. Official page title is just the pun; protein recipe is secondary subtitle.
US,premium,Weruva International (parent unverified),Weruva,Cats in the Kitchen,,,Lamb Burgini,wet,au jus,adult,Weruva Cats in the Kitchen Lamb Burgini Lamb Recipe Au Jus Canned Cat Food,retailer,https://www.weruva.com/collections/cats-in-the-kitchen-foods/products/lamb-burger-ini-cat-can,Spelling inconsistent: 'Lamb Burgini' (retailer) vs 'Lamb Burger-ini' (official). Pun name embeds protein word.
US,premium,Weruva International (parent unverified),Weruva,Cats in the Kitchen,,,Two Tu Tango,wet,au jus,adult,"Two Tu Tango (Sardine, Tuna and Turkey Recipe Au Jus)",official,https://www.weruva.com/collections/cats-in-the-kitchen-foods/products/two-tu-tango-cat-can,Pure pun code: name gives no reliable protein info; protein list is a parenthetical descriptor.
US,premium,Weruva International (parent unverified),Weruva,Cats in the Kitchen,Hydrating Pates,,(sub-collection),wet,pate; hydrating,adult,Hydrating Patés,official,https://www.weruva.com/collections/cats-in-the-kitchen-pate,Texture sub-collection under CITK; product names not captured.
US,premium,Weruva International (parent unverified),Weruva,Cats in the Kitchen,Pantry Purrs,,Salmon Bisque with Senior Support,treat,bisque; lickable,senior,Salmon Bisque with Senior Support,official,https://www.weruva.com/collections/cats-in-the-kitchen-pantry-pours,Collection URL slug says 'pantry-pours' while page label says 'Pantry Purrs': rename/inconsistency. Lickable treats; senior support is a name suffix.
US,premium,Weruva International (parent unverified),Weruva,Cats in the Kitchen,,,Goldie Lox & The Three Fares,wet,variety pack,adult,Goldie Lox & The Three Fares,official,https://www.weruva.com/collections/cats-in-the-kitchen-foods,"Variety packs carry their own pun names ('Word From The Bird!', 'The Coolsville Catch!', 'Kitchen Cuties') and also reuse a single-product pun name (Goldie Lox) inside the pack name."
US,premium,Weruva International (parent unverified),Weruva,B.F.F.,OMG Gravy!,,Tuna & Chicken Charm Me,wet,gravy; ground,adult,Weruva B.F.F. OMG Gravy! Tuna & Chicken Charm Me Dinner in Gravy Wet Cat Food,retailer,https://www.weruva.com/collections/best-feline-friend,B.F.F. = Best Feline Friend (official collection name 'Best Feline Friend'). Title carries line + subline (OMG Gravy!) + protein descriptor + pun (Charm Me) + 'Dinner in Gravy'. Deepest ladder seen at Weruva.
US,premium,Weruva International (parent unverified),Weruva,B.F.F.,Originals,,Tuna & Chicken 4EVA,wet,minced; in gravy,adult,Weruva B.F.F. Originals Tuna & Chicken 4EVA Dinner in Gravy Minced Canned Cat Food,retailer,https://www.weruva.com/collections/best-feline-friend,'Originals' subline plus pun/code '4EVA'; texture 'Minced' is a trailing title word; the official page calls the subline 'Minced Entrées' so naming of this subline is inconsistent between official page and retailer title.
US,premium,Weruva International (parent unverified),Weruva,B.F.F.,PLAY Pate,,(subline; products not captured),wet,pate; pureed,adult,PLAY Paté,official,https://www.weruva.com/collections/best-feline-friend,"Texture-flavored subline name. Also 'Toodzies' crunchy treats and 'For Kittens' listed as sibling groupings: mix of texture, life stage, and treat type at subline level."
US,premium,Weruva International (parent unverified),Weruva,TruLuxe,,,Steak Frites,wet,gravy,adult,Weruva TruLuxe Steak Frites Dinner w/ Beef & Pumpkin in Gravy Canned Cat Food,official,https://www.weruva.com/collections/truluxe/products/steak-frites-dinner-cat-can,"Brand-in-brand: official page calls product 'Steak Frites Dinner'; retailer adds brand 'Weruva' and sometimes writes 'Truluxe' vs 'TruLuxe'. Variety packs 'TruSurf & Turf', 'TruTurf', 'TruSurf' extend the Tru- prefix pun."
US,premium,Weruva International (parent unverified),Weruva,TruLuxe,,,Glam 'N Punk,wet,gelee,adult,Glam 'N Punk (Lamb & Duck in Gelée),official,https://www.weruva.com/collections/truluxe/products/glam-n-punk-cat-can,"Pun name; texture (Gelée) only in parenthetical descriptor. TruLuxe also has soup texture (On the Cat Wok, in Pumpkin Soup)."
US,premium,Weruva International (parent unverified),Weruva,Classics,,,Paw Lickin' Chicken,wet,gravy,adult,Weruva Paw Lickin' Chicken in Gravy Canned Cat Food,retailer,https://www.weruva.com/collections/weruva-cat-foods,"'Classics' appears only as a heading on the official page ('Classic Recipes'), not in titles; retailer title omits the line. Name is a pun but literally contains the protein."
US,premium,Weruva International (parent unverified),Weruva,Classics,,,Paw Lickin' Chicken Freeze Dried,freeze-dried,,adult,"Paw Lickin' Chicken Freeze Dried (96% Boneless, Skinless Chicken Breast)",official,https://www.weruva.com/collections/weruva-cat-foods,Same pun name reused across forms (wet and freeze-dried): name alone is not unique; form distinguishes.
US,premium,Weruva International (parent unverified),Weruva,Weruva Kitten,,,Chicken Breast Formula in a Hydrating Puree,wet,puree; hydrating,kitten,Weruva Kitten Chicken Breast Formula in a Hydrating Puree Canned Kitten Food,retailer,https://www.weruva.com/collections/weruva-cat-foods,Life-stage line with no pun names; 'Formula' replaces 'Recipe'. Senior variants named 'Chicken Formula in a Hydrating Purée' (11+).
US,premium,Weruva International (parent unverified),Weruva,Classics,,,Meow Luau,wet,gravy,adult,Weruva Meow Luau with Mackerel and Pumpkin in Gravy Canned Cat Food,inferred,https://www.weruva.com/collections/weruva-cat-foods,Pun name collides conceptually with Tiki Cat 'Luau' (different manufacturer).
US,premium,Instinct Pet Food (Nature's Variety),Instinct,Original,Kibble,,Real Chicken Recipe,dry,kibble,all,Original Kibble Real Chicken Recipe,official,https://www.instinctpetfood.com/collections/cat,"Official site title = Line + texture/form + recipe. PetSmart title for same item: 'Instinct® Original Cat Food - Natural, Grain Free, Chicken' (line name 'Instinct Original Grain-Free Recipe' appears in description). Texture word 'Kibble' is part of the title, listed as 'dry' attribute at retailer."
US,premium,Instinct Pet Food (Nature's Variety),Instinct,Original,Patés,,Real Rabbit Recipe,wet,pate,adult,Original Patés Real Rabbit Recipe,official,https://www.instinctpetfood.com/collections/pate-wet-cat-food,Texture ('Patés') sits where 'Kibble' sits: texture/form is the third-level word within the Original line.
US,premium,Instinct Pet Food (Nature's Variety),Instinct,Limited Ingredient Diet,Kibble,,Real Rabbit Recipe,dry,kibble,adult,Limited Ingredient Diet Kibble Real Rabbit Recipe,official,https://www.instinctpetfood.com/collections/cat,'Limited Ingredient Diet' is a line (a diet type used as line); same recipe name exists as Patés and Kibble.
US,premium,Instinct Pet Food (Nature's Variety),Instinct,Limited Ingredient Diet,Patés,,Real Rabbit Recipe,wet,pate,adult,Limited Ingredient Diet Patés Real Rabbit Recipe,official,https://www.instinctpetfood.com/collections/cat,Identical recipe name across Kibble/Pates: texture is needed to disambiguate.
US,premium,Instinct Pet Food (Nature's Variety),Instinct,Raw Boost,Kibble,,Real Chicken Recipe,dry,kibble; freeze-dried raw pieces,all,Raw Boost Kibble Real Chicken Recipe,official,https://www.instinctpetfood.com/collections/cat,"Collection is 'RawBoost' (cat-boosted-kibble); title spells 'Raw Boost' with a space. PetSmart title 'Instinct® Raw Boost Cat Food - Natural, Grain Free, Freeze Dried Raw, Chicken'."
US,premium,Instinct Pet Food (Nature's Variety),Instinct,Raw Boost Mixers,,,Cage-Free Chicken Recipe,freeze-dried,topper,adult,RawBoost+ Mixers Cage-Free Chicken Recipe,official,https://www.instinctpetfood.com/products/raw-boost-mixers-for-cats-chicken,"Spelled 'RawBoost+ Mixers' on one page and 'Raw Boost Mixers Chicken Freeze-Dried Cat Food Topper' on another: unstable spelling and punctuation in the same site. Mixers is a distinct line (topper), not a Raw Boost sub-type. Also 'Digestive Health Recipe' and 'Skin & Coat Health Recipe' use benefit as the recipe name."
US,premium,Instinct Pet Food (Nature's Variety),Instinct,Ultimate Protein,Kibble,,Cage-Free Chicken Recipe,dry,kibble; raw-coated,adult,Ultimate Protein Kibble Cage-Free Chicken Recipe,official,https://www.instinctpetfood.com/products/ultimate-protein-kibble-chicken,Line page title 'Ultimate Protein'; product URL slug 'ultimate-protein-kibble-chicken'.
US,premium,Instinct Pet Food (Nature's Variety),Instinct,FreshDried,Raw Meals,,Cage-Free Chicken Recipe,freeze-dried,,adult,FreshDried Raw Meals Cage-Free Chicken Recipe,official,https://www.instinctpetfood.com/collections/cat-freshdried,Freeze-dried line named 'FreshDried' (earlier brand marketing: 'Freeze-Dried Raw'). Two sub-types: 'Raw Meals' and 'Patés' (FreshDried Patés Chicken Recipe). Freeze-dried 'Patés' is another texture word reused across forms.
US,premium,Instinct Pet Food (Nature's Variety),Instinct,Minced Cups,,,Rabbit Recipe,wet,minced,adult,Minced Cups Rabbit Recipe,official,https://www.instinctpetfood.com/collections/minced-wet-cat-food,"No 'Instinct' line prefix, texture + package (Cups) IS the line name. 'Split Cups Paté Chicken Entrée' and 'Flaked Entrées Variety Pack' follow the same pattern: texture/package-as-line."
US,premium,Instinct Pet Food (Nature's Variety),Instinct,Split Cups,,,Paté Chicken Entrée,wet,pate,adult,Split Cups Paté Chicken Entrée,official,https://www.instinctpetfood.com/collections/cat,Texture (Paté) in the recipe name inside a package-named line.
US,premium,Instinct Pet Food (Nature's Variety),Instinct,Healthy Cravings,,,Toppers Variety Pack,other,topper,adult,Healthy Cravings Toppers Variety Pack,official,https://www.instinctpetfood.com/collections/cat,'Toppers' is a product-type word in the name; 'Healthy Cravings' the line.
US,premium,Wellness Pet Company,Wellness,Complete Health,,,Pate Chicken Entrée Smooth Loaf,wet,pate; smooth loaf,all,Wellness Complete Health Pate Chicken Entrée Smooth Loaf,official,https://www.wellnesspetfood.com/product-catalog/wellness-complete-health-pate-chicken-entree/,"Texture appears twice (Pate, Smooth Loaf). Product name = texture + protein + 'Entrée'. Page header title on cat pages omits 'Wellness Complete Health'."
US,premium,Wellness Pet Company,Wellness,Complete Health,Kitten,,Pate Kitten Chicken Entrée Smooth Loaf,wet,pate; smooth loaf,kitten,Wellness Complete Health Kitten Pate Chicken Entrée Smooth Loaf,official,https://www.wellnesspetfood.com/product-catalog/wellness-complete-health-pate-kitten-chicken-pate/,Life stage as a title word between line and texture; slug has 'pate-kitten-chicken-pate'.
US,premium,Wellness Pet Company,Wellness,Complete Health,,,Pate Chicken & Herring Dinner,wet,pate,adult,Complete Health Pate Chicken & Herring Dinner,official,https://www.wellnesspetfood.com/product-catalog/wellness-complete-health-pate-chicken-herring-dinner/,'Entrée' vs 'Dinner' suffix varies across the same line.
US,premium,Wellness Pet Company,Wellness,Complete Health,Kittles,,Chicken & Cranberry,treat,crunchy,adult,Wellness Kittles Chicken & Cranberry,official,https://www.wellnesspetfood.com/product-catalog/wellness-complete-health-kittles-chicken-cranberry/,Slug is 'wellness-complete-health-kittles' but title says 'Wellness Kittles': Kittles is both a Wellness-level brand/line in the nav and a Complete Health sub-product; title drops 'Complete Health'.
US,premium,Wellness Pet Company,Wellness,CORE,Signature Selects,,Shredded Boneless Chicken & Chicken Liver Entrée in Sauce,wet,shredded; in sauce,adult,Wellness CORE SIGNATURE SELECTS Shredded Boneless Chicken & Chicken Liver Entrée in Sauce,official,https://www.wellnesspetfood.com/product-catalog/wellness-core-signature-selects-shredded-chicken-chicken-liver-in-sauce/,Page breadcrumb: Home / For Cats / [product name]; line label 'CORE Signature Selects' is in caps within the title. Texture (Shredded) and sauce are part of product name.
US,premium,Wellness Pet Company,Wellness,CORE,Signature Selects,Variety Pack,Seafood Selection Variety Pack,wet,variety pack,adult,Wellness CORE SIGNATURE SELECTS Seafood Selection Variety Pack,official,https://www.wellnesspetfood.com/product-catalog/wellness-core-signature-selects-variety-pack-seafood-variety-pack/,Variety pack is a product-type level; 'Selection' reused.
US,premium,Wellness Pet Company,Wellness,CORE,Tiny Tasters,,Pate Chicken & Beef Recipe,wet,pate,adult,Wellness CORE Tiny Tasters Pate Chicken & Beef Recipe,official,https://www.wellnesspetfood.com/product-catalog/wellness-core-tiny-tasters-chicken-beef-pate/,Tiny Tasters = subline under CORE (smaller can). Slug orders 'chicken-beef-pate' while the title says 'Pate Chicken & Beef Recipe'.
US,premium,Wellness Pet Company,Wellness,CORE,Tiny Tasters,Kitten,Minced & Pate Chicken Kitten Variety Pack,wet,minced; pate; variety pack,kitten,CORE Tiny Tasters Minced & Pate Chicken Kitten Variety Pack,official,https://www.wellnesspetfood.com/product-catalog/wellness-core-tiny-tasters-kitten-variety-pack/,Variety pack mixes two textures and encodes life stage; not representable as single texture.
US,premium,Wellness Pet Company,Wellness,Simple,,,Salmon & Potato Formula,dry,kibble,adult,Wellness Simple Salmon & Potato Formula,official,https://www.wellnesspetfood.com/product-catalog/wellness-simple-grain-free-salmon-potato/,'Simple' is Wellness's limited-ingredient line; slug embeds 'grain-free'. Title says 'Formula' where other Wellness lines say 'Recipe'/'Entrée'/'Dinner'.
US,premium,Wellness Pet Company,Wellness,Complete Health,,,Grain Free Salmon & Herring Indoor,dry,kibble,adult,Wellness Complete Health Grain Free Salmon & Herring Indoor,official,https://www.wellnesspetfood.com/product-catalog/wellness-complete-health-grain-free-salmon-herring-indoor/,"Descriptors (Grain Free, Indoor) are in the title and not in the line name; 'Indoor' trails the recipe."
US,premium,Wellness Pet Company,Wellness,,,,Bowl Boosters / CORE+ / Good Kitty / Appetizing Entrees / Lickable Treats / WHIMZEES,other,,,Nav list: Bowl Boosters; Complete Health; CORE; CORE+; Good Kitty; Kittles; Lickable Treats; Appetizing Entrees; WHIMZEES,official,https://www.wellnesspetfood.com/cat-food,"Nav mixes lines, product types and treat sub-brands at one level: no consistent hierarchy. WHIMZEES is a separately-branded dental treat line."
US,premium,General Mills (Blue Buffalo),Blue Buffalo,BLUE Tastefuls,,,Flaked Chicken in Gravy,wet,flaked; gravy,adult,BLUE Tastefuls Adult Wet Cat Food - Flaked Chicken in Gravy,official,https://www.bluebuffalo.com/wet-cat-food/tastefuls/chicken-flaked/,"H1 is only 'BLUE Tastefuls™'; life stage, form and texture live in the title after the line. URL slug 'chicken-flaked' is the reverse order of title. Brand is styled 'BLUE'; 'Blue Buffalo' is the site/company."
US,premium,General Mills (Blue Buffalo),Blue Buffalo,BLUE Tastefuls,,,Tender Chicken in Savory Sauce,wet,morsels; sauce,adult,BLUE Tastefuls Adult Wet Cat Food - Tender Chicken in Savory Sauce,official,https://www.bluebuffalo.com/wet-cat-food/tastefuls/chicken-morsels/,Slug says 'chicken-morsels' while title says 'Tender Chicken in Savory Sauce': texture word is dropped/renamed between slug and title.
US,premium,General Mills (Blue Buffalo),Blue Buffalo,BLUE Tastefuls,,,Salmon (Natural Purees),wet,puree,adult,"BLUE Tastefuls Adult Cat Natural Purees, Salmon 3-oz Resealable Twist Cap Pouch",retailer,https://www.bluebuffalo.com/product-finder/cat/wet-food/blue-tastefuls/,Retailer (Walmart) title appends package size and pouch type. Finder URL is '.../blue-tastefuls/' so the line slug has the brand prefix BLUE while product slugs do not.
US,premium,General Mills (Blue Buffalo),Blue Buffalo,BLUE Wilderness,Wild Cuts Tasty Toppers,,Salmon,wet,chunks; gravy; topper,adult,BLUE Wilderness™ Wild Cuts Tasty Toppers Wet Cat Food - Salmon,official,https://www.bluebuffalo.com/wet-cat-food/wilderness/salmon-gravy/,"H1 is 'BLUE Wilderness™ Wild Cuts Tasty Toppers': line + subline, then the flavor is only 'Salmon'. Slug 'salmon-gravy'. Brand-in-brand with ™ markers in the title."
US,premium,General Mills (Blue Buffalo),Blue Buffalo,BLUE Wilderness,Indoor,,Chicken,dry,kibble,adult,BLUE Wilderness Adult Dry Cat Food - Indoor Chicken,official,https://www.bluebuffalo.com/dry-cat-food/wilderness/indoor-chicken/,"'Indoor' acts as a variant/sub-line; flavor 'Chicken'. Product-finder URLs add life stage as a path segment (wilderness/adult, wilderness/kitten, wilderness/mature)."
US,premium,General Mills (Blue Buffalo),Blue Buffalo,BLUE Wilderness,,,Nature's Evolutionary Diet with Chicken for Adult Cats,dry,kibble,adult,BLUE Wilderness™ Nature's Evolutionary Diet with Chicken for Adult Cats Dry Food,official,https://www.bluebuffalo.com/dry-cat-food/wilderness/chicken/,Older tagline 'Nature's Evolutionary Diet' embedded in the title; the same slug family ('wilderness/chicken') elsewhere uses 'High-Protein' marketing. A naming drift within the same URL.
US,premium,General Mills (Blue Buffalo),Blue Buffalo,BLUE Basics,,,Grain-Free (Indoor) Turkey & Potato,wet,,adult,BLUE Basics™ Wet Cat Food Grain-Free (Indoor) - Turkey & Potato,official,https://www.bluebuffalo.com/wet-cat-food/basics/grain-free-indoor-turkey-potato/,Attribute parentheticals (Indoor) inside the title; wet and dry have different title patterns: 'BLUE Basics™ Dry Cat Food Grain-Free Indoor Fish & Potato Recipe'. Described as limited-ingredient on the finder page.
US,premium,General Mills (Blue Buffalo),Blue Buffalo,BLUE True Solutions,,,Weight Control,other,,adult,BLUE True Solutions Weight Control (Dry & Wet),official,https://www.bluebuffalo.com/natural-cat-food/true-solutions/,"Product naming is by health need, not protein: Digestive Care, Weight Control, Skin & Coat Care, Total Support/Fab Feline, Hairball Control, Urinary Care. Need is the 'product name'; protein is secondary. Not individually fetched."
US,premium,General Mills (Blue Buffalo),Blue Buffalo,BLUE Freedom,,,(line page; products not captured),other,,,BLUE Freedom,official,https://www.bluebuffalo.com/natural-cat-food/freedom/,"Line exists (grain-free); products not fetched, unverified. Healthy Gourmet not found in search results on the official site: likely discontinued/renamed (unverified)."
US,premium,Nestle Purina PetCare (Merrick; unverified on page),Merrick,Purrfect Bistro,,,Grain Free Chicken Pate High Protein Wet Cat Food,wet,pate,adult,Merrick Purrfect Bistro Grain Free Chicken Pate High Protein Wet Cat Food,official,https://www.merrickpetcare.com/shop/purrfect-bistro-grain-free-chicken-wet-cat-food,Title = Brand + Line + attribute (Grain Free) + protein + texture (Pate) + 'High Protein' + form. Flavor is mid-title; official collection page lists the same product without the 'Merrick' prefix.
US,premium,Nestle Purina PetCare (Merrick; unverified on page),Merrick,Purrfect Bistro,,,Hook & Reel,wet,pate; variety pack,adult,"Purrfect Bistro Hook & Reel Grain Free Pate Wet Cat Food Tuna, Salmon, and Land and Sea Variety Pack",official,https://www.merrickpetcare.com/cat/shop/purrfect-bistro-hook-reel-grain-free-salmon-tuna-variety-pack-wet-cat-food,Named variety pack: pun name 'Hook & Reel' (and 'On the Wing' for poultry) between line and attributes. Title order inconsistent between pages ('Hook & Reel ... Pate ... Variety Pack' vs 'On the Wing Variety Pack with ... Pate Cat Food').
US,premium,Nestle Purina PetCare (Merrick; unverified on page),Merrick,Purrfect Bistro,,,Grilled in Sauce Wet Cat Food Variety Pack,wet,grilled; in sauce,adult,"Purrfect Bistro Grilled in Sauce Wet Cat Food Variety Pack with Simmered Beef, Wild-Caught Cod, and Braised Pork Recipes",official,https://www.merrickpetcare.com/cat/shop/purrfect-bistro-grilled-sauce-wet-cat-food-12-can-variety-pack,"Texture/preparation (Grilled in Sauce, in Rich Gravy) functions like a sub-line; recipes carry cooking adjectives (Simmered, Braised)."
US,premium,Nestle Purina PetCare (Merrick; unverified on page),Merrick,Purrfect Bistro,,,Grain Free Pasture-Raised Lamb and Carrots Natural High Protein Dry Cat Food,dry,kibble,adult,Purrfect Bistro Grain Free Pasture-Raised Lamb and Carrots Natural High Protein Dry Cat Food,official,https://www.merrickpetcare.com/cat/shop/purrfect-bistro-grain-free-lamb-carrot-dry-cat-food,Very long title with attributes; URL slug 'lamb-carrot' vs title 'Lamb and Carrots'.
US,premium,Nestle Purina PetCare (Merrick; unverified on page),Merrick,Purrfect Bistro,,,Grain Free Salmon and Sweet Potato,dry,kibble,adult,Purrfect Bistro Grain Free Salmon Dry Cat Food,official,https://www.merrickpetcare.com/cat/shop/merrick-purrfect-bistro-dry-cat-food-grain-free-salmon-and-sweet-potato,"Page title shows 'Salmon' only while slug says 'salmon-and-sweet-potato': recipe name shortened over time. Also nav now lists a persona set: The Chef, The Fish Afficionado, The Athlete, The Crunchy Cutie, The Critic, The Influencer (character-named products/lines; structure unverified)."
US,premium,Nestle Purina PetCare (Merrick; unverified on page),Merrick,Purrfect Bistro,Indoor Adult Recipe,,Grain Free Adult Cat Food - High Protein Cat Food For Indoor Cats,dry,kibble,adult,Grain Free Adult Cat Food - High Protein Cat Food For Indoor Cats - Merrick,official,https://www.merrickpetcare.com/purrfect-bistro-indoor-adult-recipe/,Page title is SEO-style and does not carry the line name; URL slug does. Illustrates title vs. slug disconnect.
US,premium,Nestle Purina PetCare (Merrick; unverified on page),Merrick,Backcountry,,,(cat products not verified),other,,,Merrick Backcountry,inferred,https://www.merrickpetcare.com/cat-food,"Backcountry appeared only as dog freeze-dried-raw products in search (Great Plains Red, etc.). A Backcountry cat range could not be verified; the nav said it was referenced but not listed. 'Lil' Plates' is a dog line in search; no cat product found."
US,premium,"Nulo, Inc.",Nulo,FreeStyle,,,Chicken & Cod Recipe for Cats,dry,kibble; high protein,adult,FreeStyle Chicken & Cod Recipe for Cats,official,https://nulo.com/products/freestyle-high-protein-kibble-chicken-cod-recipe,Dry product title does not state 'Kibble'; slug does ('high-protein-kibble'). Audience ('for Cats') is in the title because the site mixes dogs and cats.
US,premium,"Nulo, Inc.",Nulo,FreeStyle,,,Pate Chicken & Salmon Recipe for Cats,wet,pate; in broth,all,FreeStyle Paté Chicken & Salmon Recipe for Cats,official,https://nulo.com/products/freestyle-cat-kitten-chicken-salmon-recipe-in-broth,Slug says 'recipe-in-broth' but title says 'Paté': texture/format mismatch within the same product. 'Cat & Kitten' in slug indicates all-life-stages.
US,premium,"Nulo, Inc.",Nulo,FreeStyle,Signature Stews,,Chicken & Chicken Liver Recipe for Cats,wet,stew,all,FreeStyle Signature Stews Chicken & Chicken Liver Recipe for Cats,official,https://nulo.com/products/freestyle-cat-kitten-chicken-chicken-liver-stew,"Sub-line 'Signature Stews' sits between line and recipe, also acts as texture."
US,premium,"Nulo, Inc.",Nulo,FreeStyle,Perfect Purées,,"Treats Variety Mega Pack with Beef, Chicken, Tuna, Salmon & Crab for Cats",treat,puree,,"FreeStyle Perfect Purées Treats Variety Mega Pack with Beef, Chicken, Tuna, Salmon & Crab for Cats",official,https://nulo.com/products/freestyle-perfect-purees-treats-variety-mega-pack-for-cats,Treat sub-line under a food line; variety pack lists proteins in the name.
US,premium,"Nulo, Inc.",Nulo,FreeStyle,Indoor,,Duck & Cod Recipe for Cats,dry,kibble,adult,FreeStyle Indoor Duck & Cod Recipe for Cats,official,https://nulo.com/products/freestyle-indoor-cat-duck-cod-recipe,'Indoor' as a variant word.
US,premium,"Nulo, Inc.",Nulo,FreeStyle,,,Yellowfin Tuna & Crab Stew,wet,stew,all,FreeStyle Cat & Kitten Yellowfin Tuna & Crab Stew,official,https://nulo.com/products/freestyle-cat-kitten-yellowfin-tuna-crab-stew,Some titles lead with 'Cat & Kitten' (life stage) instead of the sub-line 'Signature Stews'; same family titled two ways.
US,premium,"Nulo, Inc.",Nulo,FreeStyle,,,Yellowfin Tuna & Shrimp Recipe in Broth,wet,in broth,all,FreeStyle Cat & Kitten Yellowfin Tuna & Shrimp Recipe in Broth,official,https://nulo.com/products/freestyle-cat-kitten-yellowfin-tuna-shrimp-recipe-in-broth,Texture is 'in Broth' (no pate/stew word).
US,premium,"Nulo, Inc.",Nulo,FreeStyle,,,Trout & Salmon Recipe,dry,,,Nulo Trout & Salmon Recipe,inferred,https://nulo.com/products/freestyle-trout-salmon-recipe,Title has only 'Nulo' while slug has 'freestyle': line dropped from title. Search result also shows 'Paté Turkey & Chicken Recipe for Cats' (slug freestyle-turkey-chicken-recipe) with no line word at all.
US,premium,"Nulo, Inc.",Nulo,,,,Challenger / FreeStyle / Frontrunner / MedalSeries / Prowess,other,,,"Key Product Lines Featured: Challenger, FreeStyle, Frontrunner, MedalSeries, Prowess",official,https://nulo.com/products,"Site lists 370 products across dogs and cats; Frontrunner and Challenger are not confirmed as cat lines here (Challenger/Frontrunner are dog-dominated, unverified for cats)."
US,premium,"Natural Balance Pet Foods, Inc.",Natural Balance,Platefulls,,,Chicken & Giblets Recipe Morsels in Gravy,wet,morsels; gravy,adult,Platefulls Chicken & Giblets Cat Food in Gravy,official,https://www.naturalbalanceinc.com/cat-recipes/wet/platefulls/platefulls-chicken-giblets-recipe-in-gravy,Breadcrumb: Product Search > Cat Recipes > Wet > Platefulls. Title on page vs search listing differ ('Recipe Morsels in Gravy' vs 'Cat Food in Gravy'). Slug repeats the line ('platefulls-') twice.
US,premium,"Natural Balance Pet Foods, Inc.",Natural Balance,Platefulls,,,"Indoor Salmon, Tuna, Chicken & Shrimp Recipe in Gravy",wet,morsels; gravy,adult,"Platefulls Salmon, Tuna, Chicken & Shrimp Recipe Morsels in Gravy",official,https://www.naturalbalanceinc.com/cat-recipes/wet/platefulls/platefulls-indoor-salmon-tuna-chicken-shrimp-recipe-in-gravy,Slug has 'indoor' but title does not (variant dropped from title).
US,premium,"Natural Balance Pet Foods, Inc.",Natural Balance,Platefulls,,,Chicken & Salmon Recipe Morsels in Gravy,wet,morsels; gravy,adult,Platefulls Chicken & Salmon Recipe Morsels in Gravy,official,https://www.naturalbalanceinc.com/cat-formulas/food-pouches/platefulls/chicken-salmon-gravy,"Two URL schemes for the same line: /cat-recipes/wet/platefulls/ and /cat-formulas/food-pouches/platefulls/, i.e. old vs new taxonomy; 'recipes' renamed 'formulas'."
US,premium,"Natural Balance Pet Foods, Inc.",Natural Balance,Original Ultra,,,Chicken & Liver Recipe,wet,pate; smooth,all,Chicken & Liver Wet Cat Food Recipe,official,https://www.naturalbalanceinc.com/cat-recipes/wet/original-ultra/chicken-liver-recipe,Page title omits the line name 'Original Ultra' entirely and breadcrumb shows only 'Product Search > Cat Recipes'; line only in URL.
US,premium,"Natural Balance Pet Foods, Inc.",Natural Balance,Original Ultra,,,Indoor Chicken & Salmon Meal Recipe,dry,kibble,adult,Indoor Cat Food - Chicken & Salmon,official,https://www.naturalbalanceinc.com/cat-recipes/dry/original-ultra/indoor-grain-free-chicken-salmon-meal-recipe,Title 'Indoor Cat Food - Chicken & Salmon' has no line or brand; slug 'indoor-grain-free-chicken-salmon-meal-recipe' holds far more levels.
US,premium,"Natural Balance Pet Foods, Inc.",Natural Balance,Limited Ingredient,Ultra Protein,,(lines listed as filters),other,,,Cat lines: Limited Ingredient; Ultra Protein; Ultra Protein Plus; Original Ultra; Fat Cats; Platefulls,official,https://www.naturalbalanceinc.com/cat-recipes/?type=Dry,Lines are product-filter facets (type=Dry/Wet crossed with products=line). Official name per site is 'Limited Ingredient' while the user brief says 'Limited Ingredient Diets': the 'Diets' form is the older/marketing name (unverified).
US,premium,"Champion Petfoods (Mars, Inc. acquisition not verified on page)",ORIJEN,Six Fish,,,Six Fish Cat Food,dry,kibble; freeze-dried liver coating,all,Six Fish™ Cat Food | ORIJEN™,official,https://www.orijenpetfoods.com/en-US/cats/cat-food/six-fish/ns-ori-sixfish-cat.html,"Breadcrumb: For Cats > Cat Food > Six Fish. Flavor/recipe is the line name (Six Fish, Regional Red, Fit & Trim, Tundra, Original): product_name collapses into line. Separate 'ns-' and 'ds-' (new/dry-specific?) slugs coexist for same name (unverified meaning)."
US,premium,"Champion Petfoods (Mars, Inc. acquisition not verified on page)",ORIJEN,Fit & Trim,,,Fit & Trim Cat Food,dry,kibble,adult,Fit & Trim Dog & Cat Food,official,https://www.orijenpetfoods.com/en-US/cats/cat-food/fit-and-trim/ns-ori-fittrim-cat.html,Title says 'Dog & Cat Food' on a cat URL: shared product-title template across species.
US,premium,"Champion Petfoods (Mars, Inc. acquisition not verified on page)",ORIJEN,Regional Red,,,Regional Red Red Meat Cat Food,dry,kibble,all,Regional Red™ Red Meat Cat Food,official,https://www.orijenpetfoods.com/en-US/cats/cat-food/regional-red/ds-ori-regional-red-cat.html,Same name used for dry and wet (wet slug: 'regional-red-entrée-wet-cat-food'): 'Regional Red Entrée Wet Cat Food'.
US,premium,"Champion Petfoods (Mars, Inc. acquisition not verified on page)",ORIJEN,Regional Red Entrée Wet Cat Food,,,Regional Red,wet,chunks; shreds,adult,Regional Red Entrée Wet Cat Food,official,https://www.orijenpetfoods.com/en-US/cats/cat-food/regional-red-entr%C3%A9e-wet-cat-food/ds-wet-cat-food-regional-red.html,"Wet recipes named by same recipe names (Original, Regional Red, Duck & Liver, Beef & Tuna...)."
US,premium,"Champion Petfoods (Mars, Inc. acquisition not verified on page)",ORIJEN,Wet Cat Food,Chunks & Shreds,,Duck & Liver,wet,chunks; shreds,adult,Duck & Liver (Chunks & Shreds),official,https://www.orijenpetfoods.com/en-US/wet-cat.html,"Texture IS the subline: 'Chunks & Shreds' and 'Pâté with Shreds' lines each have products with the same names (Original, Duck & Liver) so texture/line needed to disambiguate. Kitten recipes are flagged in parentheses '(Kitten Recipe)'."
US,premium,"Champion Petfoods (Mars, Inc. acquisition not verified on page)",ORIJEN,Wet Cat Food,Pâté with Shreds,,Chicken & Salmon (Kitten Recipe),wet,pate; shreds,kitten,Chicken & Salmon (Kitten Recipe),official,https://www.orijenpetfoods.com/en-US/wet-cat.html,Life stage lives in parentheses in the product name.
US,premium,"Champion Petfoods (Mars, Inc. acquisition not verified on page)",ORIJEN,Six Fish,,,Six Fish Freeze-Dried Cat Treats,treat,freeze-dried,all,Six Fish Freeze-Dried Cat Treats,official,https://www.orijenpetfoods.com/en-US/cats/cat-food/six-fish/ds-ori-fdt-sixfish-cat-1.html,Freeze-dried 'treats' filed under /cat-food/ path: product_type unreliable.
US,premium,"Champion Petfoods (Mars, Inc. acquisition not verified on page)",ORIJEN,Tundra,,,Tundra Freeze-Dried Cat Treats,treat,freeze-dried,all,Tundra Freeze-Dried Cat Treats,official,https://www.orijenpetfoods.com/en-US/cats/cat-food/tundra/064992684358.html,Slug is a UPC (064992684358): product identity keyed by barcode.
US,premium,"Champion Petfoods (Mars, Inc. acquisition not verified on page)",ACANA,Bountiful Catch,,,Bountiful Catch Dry Cat Food For Adult Maintenance,dry,kibble,adult,Bountiful Catch Dry Cat Food For Adult Maintenance | ACANA,official,https://www.acana.com/en-US/cats/cat-food/bountiful-catch/ds-aca-bountiful-catch-cat.html,Breadcrumb: For Cats > Bountiful Catch Dry Cat Food. Two titles for same URL family ('Bountiful Catch Dry Cat Food' vs '... For Adult Maintenance'). Recipe name = line name.
US,premium,"Champion Petfoods (Mars, Inc. acquisition not verified on page)",ACANA,First Feast,,,First Feast Dry Cat Food,dry,kibble,kitten,First Feast Dry Cat Food,official,https://www.acana.com/en-US/cats/cat-food/first-feast/ns-aca-first-feast-cat.html,"Life stage (kitten) is not in the title; another URL form 'ACANA® First Feast Kitten Food' (first-feast-kitten/064992610043.html) uses UPC slug. Same product, two titles/paths."
US,premium,"Champion Petfoods (Mars, Inc. acquisition not verified on page)",ACANA,Highest Protein,Wild Prairie,,"Highest Protein, Wild Prairie",dry,kibble,all,"Highest Protein, Wild Prairie™ Dry Cat Food",official,https://www.acana.com/en-US/cats/cat-food/highest-protein%2C-wild-prairie/ns-aca-wild-prairie-new-cat.html,"Comma inside the product name encodes line + recipe ('Highest Protein, Wild Prairie'); slug contains a literal encoded comma and 'new' (rename artifact). Site nav also groups: ACANA CAT, ACANA HIGHEST PROTEIN, ACANA WET CAT FOOD."
US,purina,Nestlé Purina PetCare,Fancy Feast,Classic Paté,,,Chicken Feast,wet,pate,all,Fancy Feast Classic Paté Chicken Feast Gourmet Wet Cat Food,official,https://www.purina.com/cats/shop/fancy-feast-timeless-favorites-classic-pate-chicken-wet-cat-food,Page labels a collection 'Timeless Favorites' (also in URL slug) but it is absent from the title; 'Gourmet' is a descriptor in the title. Line 'Classic Paté' is a texture+line hybrid.
US,purina,Nestlé Purina PetCare,Fancy Feast,Classic Paté,Kitten,,Chicken Feast,wet,pate,kitten,Fancy Feast Kitten Classic Pate Chicken Feast Wet Food,official,https://www.purina.com/cats/shop/fancy-feast-classic-pate-chicken-kitten-food-wet-cat-food,Life stage 'Kitten' sits between brand and line in the title; Senior 7+ similarly ('Fancy Feast Senior 7+ Paté Beef Feast'; 'Classic' dropped in one title).
US,purina,Nestlé Purina PetCare,Fancy Feast,Classic Paté,Senior,,Chicken Feast,wet,pate,senior,Fancy Feast Senior Classic Paté Chicken Feast Wet Cat Food,official,https://www.purina.com/cats/shop/fancy-feast-timeless-favorites-classic-pate-chicken-senior-food-wet-cat-food,Related-list title on same site drops 'Classic': 'Fancy Feast Senior 7+ Paté Beef Feast'.
US,purina,Nestlé Purina PetCare,Fancy Feast,Medleys,,,"Tuna Primavera With Tomatoes, Carrots & Spinach in a Silky Broth",wet,broth,adult,"Fancy Feast Medleys Tuna Primavera With Tomatoes, Carrots & Spinach in a Silky Broth",official,https://www.purina.com/fancy-feast/products/medleys,"Recipe names are very long and contain a recipe-family word (Primavera, Florentine, Shredded ... Fare) that behaves like a sub-line, but is not labeled as one. Life stage not stated in listing (inferred adult)."
US,purina,Nestlé Purina PetCare,Fancy Feast,Medleys,Shredded Fare,,Shredded Wild Salmon Fare With Spinach in a Savory Broth,wet,shreds; broth,,Fancy Feast Medleys Shredded Wild Salmon Fare With Spinach in a Savory Broth Wet Cat Food,inferred,https://www.purina.com/fancy-feast/products/medleys,"'Shredded ... Fare' vs 'Florentine' vs 'Primavera' are recipe families; subline is inferred, not an official level."
US,purina,Nestlé Purina PetCare,Fancy Feast,Medleys,,,Chicken Primavera,other,,,Fancy Feast Medleys Chicken Primavera Dry Cat Food,official,https://www.purina.com/cats/shop/fancy-feast-medleys-chicken-primavera-dry-cat-food,A line (Medleys) that spans wet and dry; form is carried only by the trailing 'Dry Cat Food'.
US,purina,Nestlé Purina PetCare,Fancy Feast,Broths,,,Creamy Chicken & Vegetables,wet,broth,,Fancy Feast Broths Chicken & Vegetables Wet Cat Food,official,https://www.purina.com/cats/shop/fancy-feast-broths-creamy-chicken-vegetables-wet-cat-food,"Same family shows 'Creamy' vs 'Silky' vs 'Classic' prefixes in slugs and different titles ('Fancy Feast Cat Broths Creamy Wild Salmon and Whitefish', 'Fancy Feast Cat Broths Classic Wild Salmon and Vegetables'): word order 'Broths' vs 'Cat Broths' is inconsistent. Listed titles say 'Chicken & Vegetables' while slug says creamy."
US,purina,Nestlé Purina PetCare,Fancy Feast,Creamy Delights,,,Chicken Pate Milk,wet,pate,,Fancy Feast Creamy Delights Chicken Pate Milk Wet Cat Food,official,https://www.purina.com/cats/shop/fancy-feast-creamy-delights-pate-chicken-milk-wet-cat-food,Texture word appears inside product name; 'Milk' component.
US,purina,Nestlé Purina PetCare,Fancy Feast,Gourmet Naturals,,,Chicken Recipe Pate Grain Free,wet,pate,adult,Fancy Feast Gourmet Naturals Grain Free Pate Chicken Adult Wet Cat Food,retailer,https://giantfoodstores.com/groceries/product/fancy-feast-gourmet-naturals-grain-free-pate-chicken-adult-wet-cat-food-3-oz-can/272494,"Retailer title repeats brand ('Fancy Feast Fancy Feast Gourmet Naturals'); PetSmart: 'Fancy Feast® Gourmet Naturals Adult Cat Wet Food - Pate, 3 OZ'. purina.com Gourmet Naturals listing page returned no results at fetch time."
US,purina,Nestlé Purina PetCare,Fancy Feast,Purely,,,Natural Cat Treats Variety Pack - 10 Packs,treat,,,Fancy Feast Purely Natural Cat Treats Variety Pack - 10 Packs,official,https://www.purina.com/cats/shop/fancy-feast-purely-natural-variety-pack-10-cat-treats,Treat line under same brand; 'Natural' sits in the title between line and product type. Also 'Savory Purée Naturals' treat line at /fancy-feast/products/cat-treats-savory-puree-naturals.
US,purina,Nestlé Purina PetCare,Fancy Feast,Classic Paté,Collection variety pack,,Seafood Collection Variety Pack,wet,pate,,Fancy Feast Classic Paté Seafood Collection Wet Cat Food Variety Pack,official,https://www.purina.com/cats/shop/seafood-pate-variety-pack-36-cans,Variety packs (multi-recipe bundles) are separate SKUs/titles; counts vary in titles (36 cans in slug vs 45 cans in related list).
US,purina,Nestlé Purina PetCare,Friskies,Prime Filets,,,Beef in Gravy,wet,shreds; gravy,adult,Friskies Prime Filets With Beef in Gravy Wet Cat Food,official,https://www.purina.com/cats/shop/friskies-prime-filets-beef-in-gravy-wet-cat-food,"H1 inserts 'With'; search-title omits it ('Friskies Prime Filets Beef in Gravy Wet Cat Food'): same product, two title forms. Page describes 'shredded chunks'. Sauce vs Gravy variants: 'With Salmon & Beef in Sauce'."
US,purina,Nestlé Purina PetCare,Friskies,Prime Filets,,,Turkey Dinner in Gravy,wet,gravy,adult,Friskies Prime Filets Turkey Dinner in Gravy Wet Cat Food,official,https://www.purina.com/cats/shop/friskies-prime-filets-turkey-dinner-in-gravy-wet-cat-food,'Dinner' word in recipe name.
US,purina,Nestlé Purina PetCare,Friskies,Extra Gravy,,,Chunky Chicken Savory Gravy,wet,chunks; gravy,,Friskies Extra Chunky Chicken Savory Gravy Wet Cat Food,official,https://www.purina.com/cats/shop/friskies-extra-gravy-chunky-chicken-wet-cat-food,Slug says extra-gravy-chunky; title says 'Extra Chunky ... Savory Gravy'. Line name is ambiguous (Extra Gravy vs Extra Chunky).
US,purina,Nestlé Purina PetCare,Friskies,Extra Gravy,,,Chicken in Extra Gravy Paté,wet,pate; gravy,,Friskies Chicken in Extra Gravy Paté Wet Cat Food,official,https://www.purina.com/cats/shop/friskies-extra-gravy-pate-chicken-wet-cat-food,"Line name 'Extra Gravy' appears mid-title, after the protein, rather than before it; a line name embedded in the recipe name."
US,purina,Nestlé Purina PetCare,Friskies,Tasty Treasures,,,Chicken and Liver,wet,gravy,,Friskies Tasty Treasures Chicken and Liver Wet Cat Food,official,https://www.purina.com/friskies/wet-cat-food/tasty-treasures-chicken-liver-gravy,Page title omits gravy; slug includes it. Second Tasty Treasures item: 'Beef With Liver Pate'.
US,purina,Nestlé Purina PetCare,Friskies,Party Mix,,,Crunch Gravy-licious Chicken,treat,crunchy,adult,Friskies Party Mix Crunch Gravy-licious Chicken Cat Treats,official,https://www.purina.com/cats/shop/friskies-party-mix-crunch-gravy-licious-chicken-gravy-cat-treats,"'Crunch' is a sub-line between line and flavor (also Original, Mixed Grill, Chicken Lovers). Product name 'Gravy-licious Chicken'."
US,purina,Nestlé Purina PetCare,Friskies,Surfin' & Turfin',,,Favorites,dry,kibble,,Friskies Surfin' n Turfin' Favorites Dry Cat Food,official,https://www.purina.com/cats/shop/friskies-surfin-turfin-favorites-dry-cat-food,Spelling varies: 'Surfin' n Turfin'' vs 'Surfin’ & Turfin’' on the wet variety pack. 'Favorites' is a flavor-medley word.
US,purina,Nestlé Purina PetCare,Friskies,Surfin' & Turfin',Prime Filets Favorites Variety Pack,,40 Ct Variety Pack,wet,gravy,,Friskies Surfin’ & Turfin’ Prime Filets Favorites Wet Cat Food 40 Ct Variety Pack,official,https://www.purina.com/cats/shop/friskies-surfin-turfin-prime-filets-favorites-variety-pack-40-can-wet-cat-food,"Deepest Friskies title: line (Surfin' & Turfin') + line (Prime Filets) + 'Favorites' + pack size; two line names in one title. Same pattern: 'Meaty Prime Filets Favorites', 'Seafood Prime Filets Favorites'."
US,purina,Nestlé Purina PetCare,Friskies,Indoor Delights,,,Indoor Delights,dry,kibble,adult,Friskies Indoor Delights Dry Cat Food,official,https://store.purina.com/friskies-indoor-delights-cat-food-2,Line name equals product name; no flavor level.
US,purina,Nestlé Purina PetCare,Cat Chow,Naturals,Indoor,,Indoor,dry,kibble,adult,"Cat Chow Naturals with Added Vitamins, Minerals and Nutrients Indoor Cat Food",official,https://www.purina.com/cats/shop/cat-chow-naturals-indoor-dry-cat-food,"Title carries an 11-word claim phrase 'with Added Vitamins, Minerals and Nutrients' between line and variant; slug is just naturals-indoor. Short search title: 'Cat Chow Naturals Indoor Cat Food'. Variant is an audience/lifestyle, not a flavor."
US,purina,Nestlé Purina PetCare,Cat Chow,Naturals,,,Original,dry,kibble,adult,"Cat Chow Naturals with Added Vitamins, Minerals and Nutrients Original Cat Food",official,https://www.purina.com/cats/shop/cat-chow-naturals-original-dry-cat-food,
US,purina,Nestlé Purina PetCare,Cat Chow,Naturals,Grain Free,,Grain Free,dry,kibble,,Cat Chow Naturals Grain Free Cat Food,official,https://www.purina.com/cats/shop/cat-chow-naturals-grain-free-dry-cat-food,Diet claim used as variant.
US,purina,Nestlé Purina PetCare,Cat Chow,Indoor,,,Indoor,dry,kibble,adult,Cat Chow Indoor Cat Food,official,https://www.purina.com/cats/shop/cat-chow-indoor-dry-cat-food,'Indoor' exists both as its own line and as a variant under Naturals: same word at two tree levels.
US,purina,Nestlé Purina PetCare,Purina ONE,+Plus,Indoor Advantage,,Turkey,dry,kibble,adult,Purina ONE +Plus Indoor Advantage Turkey Dry Cat Food,official,https://www.purina.com/cats/shop/purina-one-indoor-cat-food-dry-cat-food,'+Plus' is a line marker with a punctuation prefix; slug uses 'indoor-cat-food' without Plus. Related titles write 'Purina ONE Plus' with no plus sign and also 'Purina ONE +Plus Indoor Advantage Real Salmon #1 Ingredient Dry Cat Food'.
US,purina,Nestlé Purina PetCare,Purina ONE,+Plus,High Protein,,Salmon & Ocean Whitefish Skin & Coat Health,dry,kibble,,Purina ONE Plus High Protein Salmon & Ocean Whitefish Skin & Coat Health Dry Cat Food Formula,official,https://www.purina.com/cats/shop/purina-one-indoor-cat-food-dry-cat-food,Related-list title. Benefit phrase (Skin & Coat Health) appears as part of the recipe name.
US,purina,Nestlé Purina PetCare,Purina ONE,Tender Selects Blend,,,Real Salmon,dry,kibble,adult,Purina ONE Tender Selects Blend Real Salmon Dry Cat Food,official,https://www.purina.com/cats/shop/purina-one-salmon-tender-selects-blend-dry-cat-food,
US,purina,Nestlé Purina PetCare,Purina ONE,Indoor Advantage,Senior 7+,,Chicken & Ocean Fish Recipe Paté,wet,pate,senior,Purina ONE Indoor Advantage Senior 7+ Chicken & Ocean Fish Recipe Paté Wet Cat Food,official,https://www.purina.com/cats/shop/purina-one-indoor-cat-food-dry-cat-food,Here Indoor Advantage has no +Plus; shows line names differ between dry and wet.
US,purina,Nestlé Purina PetCare,Purina ONE,Ideal Weight,,,Tender Salmon Recipe in Sauce,wet,sauce,,Purina ONE Ideal Weight Tender Salmon Recipe in Sauce Wet Cat Food,official,https://www.purina.com/cats/shop/purina-one-indoor-cat-food-dry-cat-food,
US,purina,Nestlé Purina PetCare,Pro Plan,Complete Essentials,Shredded Blend,,Chicken & Rice Formula,dry,kibble; shredded blend,adult,Pro Plan Adult Complete Essentials Shredded Blend Chicken & Rice Formula Dry Cat Food,official,https://www.purina.com/cats/shop/pro-plan-complete-essentials-shredded-blend-chicken-rice-probiotics-dry-cat-food,"Life stage 'Adult' appears before the line name; 'Shredded Blend' is a sub-line/texture. Same product appears as 'Pro Plan Complete Essentials Shredded Chicken Dry Cat Food' (different title, 'Shredded Blend' dropped, formula dropped). Breadcrumb has no brand or line."
US,purina,Nestlé Purina PetCare,Pro Plan,Complete Essentials,Kitten,,Chicken,dry,kibble,kitten,Pro Plan Complete Essentials Chicken Dry Kitten Food,official,https://www.purina.com/cats/shop/pro-plan-kitten-chicken-rice-dry-cat-food,URL slug uses 'pro-plan-kitten' (old name 'Pro Plan Kitten' / 'Development'); title uses Complete Essentials: a rename. Slug of another kitten item: 'pro-plan-kitten-development-shredded-blend-chicken-rice-probiotics'.
US,purina,Nestlé Purina PetCare,Pro Plan,Complete Essentials,Adult 7+,,Chicken & Rice,dry,kibble,senior,Pro Plan Complete Essentials Adult 7+ Chicken Dry Cat Food| Purina US,official,https://www.purina.com/cats/shop/pro-plan-complete-essentials-senior-chicken-rice-dry-cat-food,Senior expressed as 'Adult 7+'; slug says 'senior'. Related title: 'Pro Plan Adult 7+ Complete Essentials Chicken & Rice' (line after life stage).
US,purina,Nestlé Purina PetCare,Pro Plan,Complete Essentials,,,"Chicken, Tuna & Wild Rice Entrée In Sauce",wet,sauce,,"Pro Plan Complete Essentials Chicken, Tuna & Wild Rice Entrée In Sauce Wet Cat Food",official,https://www.purina.com/pro-plan/products/wet-cat-food,"Line Complete Essentials spans wet and dry. Wet pack names: 'Chicken & Turkey Variety Pack', 'Seafood Favorites Variety Pack'."
US,purina,Nestlé Purina PetCare,Pro Plan,LiveClear,,,Adult Salmon & Rice Formula Allergen Reducing,dry,kibble,adult,Pro Plan LiveClear Adult Salmon & Rice Formula Allergen Reducing Dry Cat Food,official,https://www.purina.com/cats/shop/pro-plan-complete-essentials-salmon-rice-probiotics-dry-cat-food,Title from a cat-food listing page (via fetch summary). A functional claim 'Allergen Reducing' trails. Also 'LiveClear Adult 7+ Prime Plus Chicken & Rice Formula': Prime Plus is a nested senior sub-line.
US,purina,Nestlé Purina PetCare,Pro Plan,LiveClear,Adult 7+,Prime Plus,Chicken & Rice Formula Allergen Reducing,dry,kibble,senior,Pro Plan LiveClear Adult 7+ Prime Plus Chicken & Rice Formula Allergen Reducing Dry Cat Food,official,https://www.purina.com/fancy-feast/products/natural-cat-food,Deepest Pro Plan consumer ladder seen: brand > LiveClear > Adult 7+ > Prime Plus > recipe. Source page URL is a Fancy Feast listing but its content (per fetch) listed Pro Plan items: treat as possible fetch/listing glitch; title itself is consistent with Pro Plan.
US,purina,Nestlé Purina PetCare,Pro Plan,AdvantEDGE,,,Adult Digestive Support+ Salmon & Rice Formula,dry,kibble,adult,Pro Plan AdvantEDGE Adult Digestive Support+ Salmon & Rice Formula Dry Cat Food,official,https://www.purina.com/cats/cat-food,'Digestive Support+' is a benefit sub-line.
US,purina,Nestlé Purina PetCare,Pro Plan,Development,,,Ocean Whitefish & Salmon Entrée Classic Grain Free,wet,classic; pate,kitten,Pro Plan Development Ocean Whitefish & Salmon Entrée Classic Grain Free Wet Cat Food,official,https://www.purina.com/cats/cat-food,"'Classic' is a texture word (vs 'Flaked' on the kitten variety pack). Development = kitten line, life stage not in title."
US,purina,Nestlé Purina PetCare,Pro Plan,Focus,,,Healthy Metabolism Formula Chicken Entrée In Gravy,wet,gravy,adult,Pro Plan Healthy Metabolism Formula Chicken Entrée In Gravy Wet Cat Food,official,https://purina.com/pro-plan/cats/wet-cat-food/focus-healthy-metabolism-chicken-gravy,'Focus' appears only in the URL slug and old retailer titles ('Pro Plan Focus Weight Management Chicken and Rice Formula Adult Cat Food'); dropped from the current title. Search title: 'Pro Plan Healthy Metabolism Chicken in Gravy Wet Cat Food'. Rename: Focus > Weight Management/Healthy Metabolism/Specialized.
US,purina,Nestlé Purina PetCare,Pro Plan,Weight Management,,,Chicken,dry,kibble,adult,Pro Plan Adult Weight Management Chicken Dry Cat Food,official,https://www.purina.com/cats/shop/pro-plan-weight-management-chicken-rice-dry-cat-food,"Same slug shows three titles: 'Pro Plan Specialized Weight Management Chicken Dry Cat Food', 'Pro Plan Adult Weight Management ...', and retailer 'Pro Plan Focus Weight Management Chicken and Rice Formula Adult Cat Food'. Clear evidence of line renames (Focus > Specialized > none)."
US,purina,Nestlé Purina PetCare,Pro Plan,Development,Focus Kitten,,Variety Pack 24 Count,wet,classic; flaked,kitten,Pro Plan Development Kitten Wet Cat Food Variety Pack 24 Count,official,https://www.purina.com/cats/shop/pro-plan-focus-kitten-wet-cat-food-variety-pack-wet-cat-food,"Slug 'pro-plan-focus-kitten' vs H1 'Development': Focus renamed to Development for kittens. Pack contains Chicken & Liver (Classic), Ocean Whitefish & Tuna (Flaked), Salmon & Ocean Fish (Classic): texture is per-recipe inside a bundle."
US,purina,Nestlé Purina PetCare,Pro Plan,Urinary Tract Health,,,Chicken,wet,gravy,adult,Pro Plan Urinary Tract Health Chicken Wet Cat Food,official,https://www.purina.com/cats/shop/pro-plan-urinary-tract-health-formula-chicken-gravy-wet-cat-food,Function-named line (Urinary Tract Health) under consumer Pro Plan: nearly identical in purpose to Vet Diets UR.
US,purina,Nestlé Purina PetCare,Pro Plan,Veterinary Diets,UR,Savory Selects,Urinary St/Ox Chicken Recipe in Sauce,wet,sauce,,Pro Plan Veterinary Diets UR Savory Selects Urinary St/Ox Chicken Recipe in Sauce Wet Cat Food,official,https://www.purina.com/pro-plan-vet/diets/products?page=1,"Deepest ladder overall: brand > Veterinary Diets > UR (condition code) > Savory Selects (texture/line) > 'Urinary St/Ox' (condition name) > recipe. Same line also titled 'UR Urinary St/Ox Savory Selects Turkey & Giblet in Sauce Formula' (word order swapped, 'Purina' prefix added, 'Formula' vs 'Recipe')."
US,purina,Nestlé Purina PetCare,Pro Plan,Veterinary Diets,UR,,Urinary St/Ox,dry,kibble,,Purina Pro Plan Veterinary Diets UR Urinary St/Ox Dry Cat Food,official,https://www.purina.com/pro-plan-vet/diets/products?page=1,Prefix 'Purina' appears on some vet titles and not others. Dry has no flavor; condition name is the product name.
US,purina,Nestlé Purina PetCare,Pro Plan,Veterinary Diets,EN,Savory Selects,Gastroenteric Turkey in Gravy,wet,gravy,,Pro Plan Veterinary Diets EN Savory Selects Gastroenteric Turkey in Gravy Wet Cat Food,official,https://www.purina.com/pro-plan-vet/diets/products?page=1,"EN = code, Gastroenteric = condition. Variety pack: 'EN Gastroenteric Savory Selects Wet Cat Food 24 ct. Variety Pack, Salmon Recipe and Chicken Recipe' (alternate order again)."
US,purina,Nestlé Purina PetCare,Pro Plan,Veterinary Diets,HA,,Hydrolyzed Formula,dry,kibble,all,Pro Plan Veterinary Diets HA Hydrolyzed Formula Dry Cat Food,official,https://www.purina.com/cats/shop/pro-plan-veterinary-diets-ha-feline-dry-cat-food,Slug says 'ha-feline'; Canada site titles it 'HA Hydrolyzed® Dry Feline Formula'. Page says kitten or adult. Same ladder style: code + condition.
US,purina,Nestlé Purina PetCare,Pro Plan,Veterinary Diets,DM,Savory Selects,Dietetic Management,wet,,,Pro Plan Veterinary Diets DM Dietetic Management Savory Selects,official,https://www.purina.com/cats/shop/pro-plan-veterinary-diets-ha-feline-dry-cat-food,"Related-list title only (truncated, no flavor). Also 'NF Kidney Function Early Care'."
US,purina,Nestlé Purina PetCare,Pro Plan Veterinary Supplements,,,,FortiFlora Powder Cat Supplement,other,powder,,Pro Plan Veterinary FortiFlora Powder Cat Supplement,official,https://www.purina.com/cats/shop/pro-plan-veterinary-supplements-fortiflora,"Third Pro Plan family (Veterinary Supplements, not Diets); a probiotic supplement, not food."
US,purina,Nestlé Purina PetCare,Beyond,Simply,,,Grain Free Whitefish & Egg,dry,kibble,adult,Beyond Simply Grain Free Whitefish & Egg Dry Cat Food,official,https://www.purina.com/cats/shop/beyond-simply-grain-free-whitefish-egg-dry-cat-food,Brand shown as 'Beyond' on the site (formally 'Purina Beyond'; PDF label 'PURINA BEYOND SIMPLY GRAIN FREE WHITE MEAT CHICKEN & EGG RECIPE NATURAL CAT FOOD'). Diet claim 'Grain Free' acts as sub-line.
US,purina,Nestlé Purina PetCare,Beyond,Indoor,,,Grain Free Salmon & Egg,dry,kibble,adult,Beyond Indoor Grain Free Salmon & Egg Dry Cat Food,official,https://www.purina.com/beyond/cats/dry-cat-food/indoor-grain-free-salmon-egg-sweet-potato,Slug carries 'sweet-potato' absent from title.
US,purina,Nestlé Purina PetCare,Beyond,Grain Free,,,Chicken with Egg,dry,kibble,,Beyond Grain Free Chicken with Egg Dry Cat Food,official,https://www.purina.com/beyond/cats/dry-cat-food/grain-free-chicken-egg,"'Grain Free' as a line here, as a modifier of Simply or Indoor elsewhere: ambiguous level. Site has 'Simple Origins' non-GMO page too."
US,purina,Nestlé Purina PetCare,Kit & Kaboodle,Original,,,Original,dry,kibble,adult,Kit & Kaboodle Original Dry Cat Food,official,https://www.purina.com/cats/shop/kit-kaboodle-original-dry-cat-food,"Flavor blend 'Poultry, Liver & Ocean Fish Flavors' lives in the label PDF only. Line = product name."
US,purina,Nestlé Purina PetCare,Kit & Kaboodle,Indoor,,,Indoor,dry,kibble,adult,Kit & Kaboodle Indoor Dry Cat Food,official,https://www.purina.com/kit-kaboodle/dry-cat-food/indoor,Another URL: purina.com/kit-and-kaboodle-essentials with same title (alias/rename).
US,purina,Nestlé Purina PetCare,Kit & Kaboodle,Outdoor,,,Outdoor,dry,kibble,adult,Kit & Kaboodle Outdoor Dry Cat Food,official,https://www.purina.com/cats/shop/kit-kaboodle-outdoor-dry-cat-food,Label PDF title: 'KIT & KABOODLE OUTDOOR - CHICKEN & OCEAN FISH FLAVORS - CAT FOOD'.
US,purina,Nestlé Purina PetCare,Kit & Kaboodle,Crunchy,,,Chicken & Cheddar,treat,crunchy,,Kit & Kaboodle Crunchy Chicken & Cheddar Cat Treats,official,https://www.purina.com/cats/shop/kit-kaboodle-crunchy-chicken-cheddar-cat-treats,Treats under a food brand.
US,purina,Nestlé Purina PetCare,Muse,Natural,,,Chicken Recipe Grain-Free Pate,wet,pate,adult,"Purina Muse Natural Chicken Recipe Grain-Free Pate Canned Cat Food, 3-oz, case of 24",retailer,https://www.chewy.com/purina-muse-natural-chicken-recipe/dp/229359,"Muse not found on purina.com via search. Retailer titles: 'Purina Muse ...' (Chewy) vs 'Muse by Purina In Broth Cat Food, Chicken, Wet, Adult' (grocery): brand written two ways. Another variant 'In Broth'. Fetch of the Chewy page did not return the product so title is from search result only; Muse appears to be discontinued/limited (recall coverage). Treat unverified."
